source_code,target_code,relation_type,relation_notation,status,source_url,http_status
01111,01111,tetap,1:1,success,https://oss.go.id/id/kbli/konversi/01111?v=2020,
01112,01112,tetap,1:1,success,https://oss.go.id/id/kbli/konversi/01112?v=2020,
01113,01113,tetap,1:1,success,https://oss.go.id/id/kbli/konversi/01113?v=2020,
01114,01114,tetap,1:1,success,https://oss.go.id/id/kbli/konversi/01114?v=2020,
01115,01115,tetap,1:1,success,https://oss.go.id/id/kbli/konversi/01115?v=2020,
01116,01116,tetap,1:1,success,https://oss.go.id/id/kbli/konversi/01116?v=2020,
01117,01117,tetap,1:1,success,https://oss.go.id/id/kbli/konversi/01117?v=2020,
01118,01118,tetap,1:1,success,https://oss.go.id/id/kbli/konversi/01118?v=2020,
01119,01118,berubah,1:1,success,https://oss.go.id/id/kbli/konversi/01119?v=2020,
01121,01121,tetap,1:1,success,https://oss.go.id/id/kbli/konversi/01121?v=2020,
01122,01122,tetap,1:1,success,https://oss.go.id/id/kbli/konversi/01122?v=2020,
01131,01131,tetap,1:1,success,https://oss.go.id/id/kbli/konversi/01131?v=2020,
01132,01132,tetap,1:1,success,https://oss.go.id/id/kbli/konversi/01132?v=2020,
01133,01133,tetap,1:1,success,https://oss.go.id/id/kbli/konversi/01133?v=2020,
01134,01134,tetap,1:1,success,https://oss.go.id/id/kbli/konversi/01134?v=2020,
01135,01135,tetap,1:1,success,https://oss.go.id/id/kbli/konversi/01135?v=2020,
01136,01136,tetap,1:1,success,https://oss.go.id/id/kbli/konversi/01136?v=2020,
01137,01137,tetap,1:1,success,https://oss.go.id/id/kbli/konversi/01137?v=2020,
01139,01139,tetap,1:1,success,https://oss.go.id/id/kbli/konversi/01139?v=2020,
01140,01140,tetap,1:1,success,https://oss.go.id/id/kbli/konversi/01140?v=2020,
01150,01150,tetap,1:1,success,https://oss.go.id/id/kbli/konversi/01150?v=2020,
01160,01160,tetap,1:1,success,https://oss.go.id/id/kbli/konversi/01160?v=2020,
01191,01191,tetap,1:1,success,https://oss.go.id/id/kbli/konversi/01191?v=2020,
01192,01192,tetap,1:1,success,https://oss.go.id/id/kbli/konversi/01192?v=2020,
01193,01193,tetap,1:1,success,https://oss.go.id/id/kbli/konversi/01193?v=2020,
01194,01194,tetap,1:1,success,https://oss.go.id/id/kbli/konversi/01194?v=2020,
01199,01199,tetap,1:1,success,https://oss.go.id/id/kbli/konversi/01199?v=2020,
01210,01210,tetap,1:1,success,https://oss.go.id/id/kbli/konversi/01210?v=2020,
01220,01220,tetap,1:1,success,https://oss.go.id/id/kbli/konversi/01220?v=2020,
01230,01230,tetap,1:1,success,https://oss.go.id/id/kbli/konversi/01230?v=2020,
01240,01240,tetap,1:1,success,https://oss.go.id/id/kbli/konversi/01240?v=2020,
01251,01251,tetap,1:1,success,https://oss.go.id/id/kbli/konversi/01251?v=2020,
01252,01252,tetap,1:1,success,https://oss.go.id/id/kbli/konversi/01252?v=2020,
01253,01253,tetap,1:1,success,https://oss.go.id/id/kbli/konversi/01253?v=2020,
01259,01259,tetap,1:1,success,https://oss.go.id/id/kbli/konversi/01259?v=2020,
01261,01261,tetap,1:1,success,https://oss.go.id/id/kbli/konversi/01261?v=2020,
01262,01262,tetap,1:1,success,https://oss.go.id/id/kbli/konversi/01262?v=2020,
01269,01269,tetap,1:1,success,https://oss.go.id/id/kbli/konversi/01269?v=2020,
01270,01271,dipecah,1:N,success,https://oss.go.id/id/kbli/konversi/01270?v=2020,
01270,01272,dipecah,1:N,success,https://oss.go.id/id/kbli/konversi/01270?v=2020,
01270,01273,dipecah,1:N,success,https://oss.go.id/id/kbli/konversi/01270?v=2020,
01270,01279,dipecah,1:N,success,https://oss.go.id/id/kbli/konversi/01270?v=2020,
01281,01281,tetap,1:1,success,https://oss.go.id/id/kbli/konversi/01281?v=2020,
01282,01282,tetap,1:1,success,https://oss.go.id/id/kbli/konversi/01282?v=2020,
01283,01138,berubah,1:1,success,https://oss.go.id/id/kbli/konversi/01283?v=2020,
01284,01284,tetap,1:1,success,https://oss.go.id/id/kbli/konversi/01284?v=2020,
01285,01285,tetap,1:1,success,https://oss.go.id/id/kbli/konversi/01285?v=2020,
01286,01286,tetap,1:1,success,https://oss.go.id/id/kbli/konversi/01286?v=2020,
01287,,,,not_found,https://oss.go.id/id/kbli/konversi/01287?v=2020,
01289,01283,dipecah,1:N,success,https://oss.go.id/id/kbli/konversi/01289?v=2020,
01291,01291,tetap,1:1,success,https://oss.go.id/id/kbli/konversi/01291?v=2020,
01299,01299,tetap,1:1,success,https://oss.go.id/id/kbli/konversi/01299?v=2020,
01301,01301,tetap,1:1,success,https://oss.go.id/id/kbli/konversi/01301?v=2020,
01302,01309,berubah,1:1,success,https://oss.go.id/id/kbli/konversi/01302?v=2020,
01411,01411,tetap,1:1,success,https://oss.go.id/id/kbli/konversi/01411?v=2020,
01412,01412,tetap,1:1,success,https://oss.go.id/id/kbli/konversi/01412?v=2020,
01413,01413,tetap,1:1,success,https://oss.go.id/id/kbli/konversi/01413?v=2020,
01414,01414,tetap,1:1,success,https://oss.go.id/id/kbli/konversi/01414?v=2020,
01420,01420,tetap,1:1,success,https://oss.go.id/id/kbli/konversi/01420?v=2020,
01430,01430,tetap,1:1,success,https://oss.go.id/id/kbli/konversi/01430?v=2020,
01441,01441,tetap,1:1,success,https://oss.go.id/id/kbli/konversi/01441?v=2020,
01442,01442,tetap,1:1,success,https://oss.go.id/id/kbli/konversi/01442?v=2020,
01443,01443,tetap,1:1,success,https://oss.go.id/id/kbli/konversi/01443?v=2020,
01444,01444,tetap,1:1,success,https://oss.go.id/id/kbli/konversi/01444?v=2020,
01445,01445,tetap,1:1,success,https://oss.go.id/id/kbli/konversi/01445?v=2020,
01450,01450,tetap,1:1,success,https://oss.go.id/id/kbli/konversi/01450?v=2020,
01461,01461,tetap,1:1,success,https://oss.go.id/id/kbli/konversi/01461?v=2020,
01462,01462,tetap,1:1,success,https://oss.go.id/id/kbli/konversi/01462?v=2020,
01463,01463,tetap,1:1,success,https://oss.go.id/id/kbli/konversi/01463?v=2020,
01464,01464,tetap,1:1,success,https://oss.go.id/id/kbli/konversi/01464?v=2020,
01465,01465,tetap,1:1,success,https://oss.go.id/id/kbli/konversi/01465?v=2020,
01466,01466,tetap,1:1,success,https://oss.go.id/id/kbli/konversi/01466?v=2020,
01467,01467,tetap,1:1,success,https://oss.go.id/id/kbli/konversi/01467?v=2020,
01468,01468,tetap,1:1,success,https://oss.go.id/id/kbli/konversi/01468?v=2020,
01469,01469,tetap,1:1,success,https://oss.go.id/id/kbli/konversi/01469?v=2020,
01491,01491,tetap,1:1,success,https://oss.go.id/id/kbli/konversi/01491?v=2020,
01492,01492,tetap,1:1,success,https://oss.go.id/id/kbli/konversi/01492?v=2020,
01493,01493,tetap,1:1,success,https://oss.go.id/id/kbli/konversi/01493?v=2020,
01494,01494,tetap,1:1,success,https://oss.go.id/id/kbli/konversi/01494?v=2020,
01495,01495,tetap,1:1,success,https://oss.go.id/id/kbli/konversi/01495?v=2020,
01496,01496,tetap,1:1,success,https://oss.go.id/id/kbli/konversi/01496?v=2020,
01497,01497,tetap,1:1,success,https://oss.go.id/id/kbli/konversi/01497?v=2020,
01499,01499,tetap,1:1,success,https://oss.go.id/id/kbli/konversi/01499?v=2020,
01611,01611,tetap,1:1,success,https://oss.go.id/id/kbli/konversi/01611?v=2020,
01612,01615,dipecah,1:N,success,https://oss.go.id/id/kbli/konversi/01612?v=2020,
01612,01616,dipecah,1:N,success,https://oss.go.id/id/kbli/konversi/01612?v=2020,
01613,01613,tetap,1:1,success,https://oss.go.id/id/kbli/konversi/01613?v=2020,
01614,01614,tetap,1:1,success,https://oss.go.id/id/kbli/konversi/01614?v=2020,
01619,01619,tetap,1:1,success,https://oss.go.id/id/kbli/konversi/01619?v=2020,
01621,,,,not_found,https://oss.go.id/id/kbli/konversi/01621?v=2020,
01622,01621,berubah,1:1,success,https://oss.go.id/id/kbli/konversi/01622?v=2020,
01623,01622,berubah,1:1,success,https://oss.go.id/id/kbli/konversi/01623?v=2020,
01629,01629,tetap,1:1,success,https://oss.go.id/id/kbli/konversi/01629?v=2020,
01630,01630,tetap,1:1,success,https://oss.go.id/id/kbli/konversi/01630?v=2020,
01640,01640,tetap,1:1,success,https://oss.go.id/id/kbli/konversi/01640?v=2020,
01711,,,,not_found,https://oss.go.id/id/kbli/konversi/01711?v=2020,
01712,,,,not_found,https://oss.go.id/id/kbli/konversi/01712?v=2020,
01713,,,,not_found,https://oss.go.id/id/kbli/konversi/01713?v=2020,
01714,,,,not_found,https://oss.go.id/id/kbli/konversi/01714?v=2020,
01715,,,,not_found,https://oss.go.id/id/kbli/konversi/01715?v=2020,
01719,,,,not_found,https://oss.go.id/id/kbli/konversi/01719?v=2020,
01721,,,,not_found,https://oss.go.id/id/kbli/konversi/01721?v=2020,
01722,,,,not_found,https://oss.go.id/id/kbli/konversi/01722?v=2020,
01723,,,,not_found,https://oss.go.id/id/kbli/konversi/01723?v=2020,
01724,,,,not_found,https://oss.go.id/id/kbli/konversi/01724?v=2020,
01725,,,,not_found,https://oss.go.id/id/kbli/konversi/01725?v=2020,
01726,,,,not_found,https://oss.go.id/id/kbli/konversi/01726?v=2020,
01727,,,,not_found,https://oss.go.id/id/kbli/konversi/01727?v=2020,
01729,,,,not_found,https://oss.go.id/id/kbli/konversi/01729?v=2020,
02111,02102,berubah,1:1,success,https://oss.go.id/id/kbli/konversi/02111?v=2020,
02112,,,,not_found,https://oss.go.id/id/kbli/konversi/02112?v=2020,
02113,,,,not_found,https://oss.go.id/id/kbli/konversi/02113?v=2020,
02119,,,,not_found,https://oss.go.id/id/kbli/konversi/02119?v=2020,
02121,02102,berubah,1:1,success,https://oss.go.id/id/kbli/konversi/02121?v=2020,
02122,,,,not_found,https://oss.go.id/id/kbli/konversi/02122?v=2020,
02130,,,,not_found,https://oss.go.id/id/kbli/konversi/02130?v=2020,
02140,02103,berubah,1:1,success,https://oss.go.id/id/kbli/konversi/02140?v=2020,
02201,,,,not_found,https://oss.go.id/id/kbli/konversi/02201?v=2020,
02202,,,,not_found,https://oss.go.id/id/kbli/konversi/02202?v=2020,
02209,01302,dipecah,1:N,success,https://oss.go.id/id/kbli/konversi/02209?v=2020,
02209,01498,dipecah,1:N,success,https://oss.go.id/id/kbli/konversi/02209?v=2020,
02209,02101,dipecah,1:N,success,https://oss.go.id/id/kbli/konversi/02209?v=2020,
02209,02202,dipecah,1:N,success,https://oss.go.id/id/kbli/konversi/02209?v=2020,
02209,02300,dipecah,1:N,success,https://oss.go.id/id/kbli/konversi/02209?v=2020,
02209,02401,dipecah,1:N,success,https://oss.go.id/id/kbli/konversi/02209?v=2020,
02209,91410,dipecah,1:N,success,https://oss.go.id/id/kbli/konversi/02209?v=2020,
02301,,,,not_found,https://oss.go.id/id/kbli/konversi/02301?v=2020,
02302,,,,not_found,https://oss.go.id/id/kbli/konversi/02302?v=2020,
02303,,,,not_found,https://oss.go.id/id/kbli/konversi/02303?v=2020,
02304,,,,not_found,https://oss.go.id/id/kbli/konversi/02304?v=2020,
02305,,,,not_found,https://oss.go.id/id/kbli/konversi/02305?v=2020,
02306,,,,not_found,https://oss.go.id/id/kbli/konversi/02306?v=2020,
02307,,,,not_found,https://oss.go.id/id/kbli/konversi/02307?v=2020,
02308,,,,not_found,https://oss.go.id/id/kbli/konversi/02308?v=2020,
02309,,,,not_found,https://oss.go.id/id/kbli/konversi/02309?v=2020,
02401,,,,not_found,https://oss.go.id/id/kbli/konversi/02401?v=2020,
02402,,,,not_found,https://oss.go.id/id/kbli/konversi/02402?v=2020,
02403,,,,not_found,https://oss.go.id/id/kbli/konversi/02403?v=2020,
02404,,,,not_found,https://oss.go.id/id/kbli/konversi/02404?v=2020,
02409,,,,not_found,https://oss.go.id/id/kbli/konversi/02409?v=2020,
03111,03110,berubah,1:1,success,https://oss.go.id/id/kbli/konversi/03111?v=2020,
03112,03110,berubah,1:1,success,https://oss.go.id/id/kbli/konversi/03112?v=2020,
03113,03110,berubah,1:1,success,https://oss.go.id/id/kbli/konversi/03113?v=2020,
03114,03110,berubah,1:1,success,https://oss.go.id/id/kbli/konversi/03114?v=2020,
03115,03110,berubah,1:1,success,https://oss.go.id/id/kbli/konversi/03115?v=2020,
03116,03110,berubah,1:1,success,https://oss.go.id/id/kbli/konversi/03116?v=2020,
03117,03110,berubah,1:1,success,https://oss.go.id/id/kbli/konversi/03117?v=2020,
03118,03110,berubah,1:1,success,https://oss.go.id/id/kbli/konversi/03118?v=2020,
03119,03110,berubah,1:1,success,https://oss.go.id/id/kbli/konversi/03119?v=2020,
03121,03120,berubah,1:1,success,https://oss.go.id/id/kbli/konversi/03121?v=2020,
03122,03120,berubah,1:1,success,https://oss.go.id/id/kbli/konversi/03122?v=2020,
03123,03120,berubah,1:1,success,https://oss.go.id/id/kbli/konversi/03123?v=2020,
03124,03120,berubah,1:1,success,https://oss.go.id/id/kbli/konversi/03124?v=2020,
03125,03120,berubah,1:1,success,https://oss.go.id/id/kbli/konversi/03125?v=2020,
03126,03120,berubah,1:1,success,https://oss.go.id/id/kbli/konversi/03126?v=2020,
03129,03120,berubah,1:1,success,https://oss.go.id/id/kbli/konversi/03129?v=2020,
03131,,,,not_found,https://oss.go.id/id/kbli/konversi/03131?v=2020,
03132,,,,not_found,https://oss.go.id/id/kbli/konversi/03132?v=2020,
03133,03300,berubah,1:1,success,https://oss.go.id/id/kbli/konversi/03133?v=2020,
03141,,,,not_found,https://oss.go.id/id/kbli/konversi/03141?v=2020,
03142,,,,not_found,https://oss.go.id/id/kbli/konversi/03142?v=2020,
03143,03300,dipecah,1:N,success,https://oss.go.id/id/kbli/konversi/03143?v=2020,
03143,82921,dipecah,1:N,success,https://oss.go.id/id/kbli/konversi/03143?v=2020,
03151,03110,dipecah,1:N,success,https://oss.go.id/id/kbli/konversi/03151?v=2020,
03151,03120,dipecah,1:N,success,https://oss.go.id/id/kbli/konversi/03151?v=2020,
03152,03110,dipecah,1:N,success,https://oss.go.id/id/kbli/konversi/03152?v=2020,
03152,03120,dipecah,1:N,success,https://oss.go.id/id/kbli/konversi/03152?v=2020,
03153,03110,dipecah,1:N,success,https://oss.go.id/id/kbli/konversi/03153?v=2020,
03153,03120,dipecah,1:N,success,https://oss.go.id/id/kbli/konversi/03153?v=2020,
03154,03110,dipecah,1:N,success,https://oss.go.id/id/kbli/konversi/03154?v=2020,
03154,03120,dipecah,1:N,success,https://oss.go.id/id/kbli/konversi/03154?v=2020,
03155,03110,dipecah,1:N,success,https://oss.go.id/id/kbli/konversi/03155?v=2020,
03155,03120,dipecah,1:N,success,https://oss.go.id/id/kbli/konversi/03155?v=2020,
03156,03110,dipecah,1:N,success,https://oss.go.id/id/kbli/konversi/03156?v=2020,
03156,03120,dipecah,1:N,success,https://oss.go.id/id/kbli/konversi/03156?v=2020,
03157,03110,dipecah,1:N,success,https://oss.go.id/id/kbli/konversi/03157?v=2020,
03157,03120,dipecah,1:N,success,https://oss.go.id/id/kbli/konversi/03157?v=2020,
03158,03110,dipecah,1:N,success,https://oss.go.id/id/kbli/konversi/03158?v=2020,
03158,03120,dipecah,1:N,success,https://oss.go.id/id/kbli/konversi/03158?v=2020,
03159,03110,dipecah,1:N,success,https://oss.go.id/id/kbli/konversi/03159?v=2020,
03159,03120,dipecah,1:N,success,https://oss.go.id/id/kbli/konversi/03159?v=2020,
03211,03211,tetap,1:1,success,https://oss.go.id/id/kbli/konversi/03211?v=2020,
03212,03211,berubah,1:1,success,https://oss.go.id/id/kbli/konversi/03212?v=2020,
03213,03212,berubah,1:1,success,https://oss.go.id/id/kbli/konversi/03213?v=2020,
03214,03211,berubah,1:1,success,https://oss.go.id/id/kbli/konversi/03214?v=2020,
03215,03211,berubah,1:1,success,https://oss.go.id/id/kbli/konversi/03215?v=2020,
03216,03211,berubah,1:1,success,https://oss.go.id/id/kbli/konversi/03216?v=2020,
03217,03213,berubah,1:1,success,https://oss.go.id/id/kbli/konversi/03217?v=2020,
03219,03211,berubah,1:1,success,https://oss.go.id/id/kbli/konversi/03219?v=2020,
03221,03223,dipecah,1:N,success,https://oss.go.id/id/kbli/konversi/03221?v=2020,
03222,03221,dipecah,1:N,success,https://oss.go.id/id/kbli/konversi/03222?v=2020,
03222,03223,dipecah,1:N,success,https://oss.go.id/id/kbli/konversi/03222?v=2020,
03223,03221,dipecah,1:N,success,https://oss.go.id/id/kbli/konversi/03223?v=2020,
03224,03221,dipecah,1:N,success,https://oss.go.id/id/kbli/konversi/03224?v=2020,
03224,03223,dipecah,1:N,success,https://oss.go.id/id/kbli/konversi/03224?v=2020,
03225,03222,berubah,1:1,success,https://oss.go.id/id/kbli/konversi/03225?v=2020,
03226,03222,berubah,1:1,success,https://oss.go.id/id/kbli/konversi/03226?v=2020,
03227,03221,dipecah,1:N,success,https://oss.go.id/id/kbli/konversi/03227?v=2020,
03227,03223,dipecah,1:N,success,https://oss.go.id/id/kbli/konversi/03227?v=2020,
03229,03221,dipecah,1:N,success,https://oss.go.id/id/kbli/konversi/03229?v=2020,
03229,03223,dipecah,1:N,success,https://oss.go.id/id/kbli/konversi/03229?v=2020,
03231,03300,berubah,1:1,success,https://oss.go.id/id/kbli/konversi/03231?v=2020,
03232,03300,berubah,1:1,success,https://oss.go.id/id/kbli/konversi/03232?v=2020,
03233,03300,berubah,1:1,success,https://oss.go.id/id/kbli/konversi/03233?v=2020,
03241,03300,berubah,1:1,success,https://oss.go.id/id/kbli/konversi/03241?v=2020,
03242,03300,berubah,1:1,success,https://oss.go.id/id/kbli/konversi/03242?v=2020,
03243,03300,dipecah,1:N,success,https://oss.go.id/id/kbli/konversi/03243?v=2020,
03243,82921,dipecah,1:N,success,https://oss.go.id/id/kbli/konversi/03243?v=2020,
03251,03231,dipecah,1:N,success,https://oss.go.id/id/kbli/konversi/03251?v=2020,
03251,03232,dipecah,1:N,success,https://oss.go.id/id/kbli/konversi/03251?v=2020,
03252,03231,dipecah,1:N,success,https://oss.go.id/id/kbli/konversi/03252?v=2020,
03252,03232,dipecah,1:N,success,https://oss.go.id/id/kbli/konversi/03252?v=2020,
03253,03231,berubah,1:1,success,https://oss.go.id/id/kbli/konversi/03253?v=2020,
03254,03231,berubah,1:1,success,https://oss.go.id/id/kbli/konversi/03254?v=2020,
03255,03233,berubah,1:1,success,https://oss.go.id/id/kbli/konversi/03255?v=2020,
03259,03231,berubah,1:1,success,https://oss.go.id/id/kbli/konversi/03259?v=2020,
03261,03300,berubah,1:1,success,https://oss.go.id/id/kbli/konversi/03261?v=2020,
03262,03300,berubah,1:1,success,https://oss.go.id/id/kbli/konversi/03262?v=2020,
03263,03300,dipecah,1:N,success,https://oss.go.id/id/kbli/konversi/03263?v=2020,
03263,82921,dipecah,1:N,success,https://oss.go.id/id/kbli/konversi/03263?v=2020,
03271,03214,dipecah,1:N,success,https://oss.go.id/id/kbli/konversi/03271?v=2020,
03271,03224,dipecah,1:N,success,https://oss.go.id/id/kbli/konversi/03271?v=2020,
03271,03234,dipecah,1:N,success,https://oss.go.id/id/kbli/konversi/03271?v=2020,
03272,03214,dipecah,1:N,success,https://oss.go.id/id/kbli/konversi/03272?v=2020,
03272,03224,dipecah,1:N,success,https://oss.go.id/id/kbli/konversi/03272?v=2020,
03272,03234,dipecah,1:N,success,https://oss.go.id/id/kbli/konversi/03272?v=2020,
03273,03214,dipecah,1:N,success,https://oss.go.id/id/kbli/konversi/03273?v=2020,
03273,03224,dipecah,1:N,success,https://oss.go.id/id/kbli/konversi/03273?v=2020,
03273,03234,dipecah,1:N,success,https://oss.go.id/id/kbli/konversi/03273?v=2020,
03274,03214,dipecah,1:N,success,https://oss.go.id/id/kbli/konversi/03274?v=2020,
03274,03224,dipecah,1:N,success,https://oss.go.id/id/kbli/konversi/03274?v=2020,
03274,03234,dipecah,1:N,success,https://oss.go.id/id/kbli/konversi/03274?v=2020,
03275,03214,dipecah,1:N,success,https://oss.go.id/id/kbli/konversi/03275?v=2020,
03275,03224,dipecah,1:N,success,https://oss.go.id/id/kbli/konversi/03275?v=2020,
03275,03234,dipecah,1:N,success,https://oss.go.id/id/kbli/konversi/03275?v=2020,
03276,03214,dipecah,1:N,success,https://oss.go.id/id/kbli/konversi/03276?v=2020,
03276,03224,dipecah,1:N,success,https://oss.go.id/id/kbli/konversi/03276?v=2020,
03276,03234,dipecah,1:N,success,https://oss.go.id/id/kbli/konversi/03276?v=2020,
03277,03214,dipecah,1:N,success,https://oss.go.id/id/kbli/konversi/03277?v=2020,
03277,03224,dipecah,1:N,success,https://oss.go.id/id/kbli/konversi/03277?v=2020,
03277,03234,dipecah,1:N,success,https://oss.go.id/id/kbli/konversi/03277?v=2020,
03278,03214,dipecah,1:N,success,https://oss.go.id/id/kbli/konversi/03278?v=2020,
03278,03224,dipecah,1:N,success,https://oss.go.id/id/kbli/konversi/03278?v=2020,
03278,03234,dipecah,1:N,success,https://oss.go.id/id/kbli/konversi/03278?v=2020,
03279,03214,dipecah,1:N,success,https://oss.go.id/id/kbli/konversi/03279?v=2020,
03279,03224,dipecah,1:N,success,https://oss.go.id/id/kbli/konversi/03279?v=2020,
03279,03234,dipecah,1:N,success,https://oss.go.id/id/kbli/konversi/03279?v=2020,
05100,05101,berubah,1:1,success,https://oss.go.id/id/kbli/konversi/05100?v=2020,
05200,,,,not_found,https://oss.go.id/id/kbli/konversi/05200?v=2020,
06100,06100,tetap,1:1,success,https://oss.go.id/id/kbli/konversi/06100?v=2020,
06201,06201,tetap,1:1,success,https://oss.go.id/id/kbli/konversi/06201?v=2020,
06202,06202,tetap,1:1,success,https://oss.go.id/id/kbli/konversi/06202?v=2020,
07101,07101,tetap,1:1,success,https://oss.go.id/id/kbli/konversi/07101?v=2020,
07102,07102,tetap,1:1,success,https://oss.go.id/id/kbli/konversi/07102?v=2020,
07210,07210,tetap,1:1,success,https://oss.go.id/id/kbli/konversi/07210?v=2020,
07291,07291,tetap,1:1,success,https://oss.go.id/id/kbli/konversi/07291?v=2020,
07292,07292,tetap,1:1,success,https://oss.go.id/id/kbli/konversi/07292?v=2020,
07293,07293,tetap,1:1,success,https://oss.go.id/id/kbli/konversi/07293?v=2020,
07294,07294,tetap,1:1,success,https://oss.go.id/id/kbli/konversi/07294?v=2020,
07295,07295,tetap,1:1,success,https://oss.go.id/id/kbli/konversi/07295?v=2020,
07296,07296,tetap,1:1,success,https://oss.go.id/id/kbli/konversi/07296?v=2020,
07299,07299,tetap,1:1,success,https://oss.go.id/id/kbli/konversi/07299?v=2020,
07301,07221,berubah,1:1,success,https://oss.go.id/id/kbli/konversi/07301?v=2020,
07309,07229,berubah,1:1,success,https://oss.go.id/id/kbli/konversi/07309?v=2020,
08101,08101,tetap,1:1,success,https://oss.go.id/id/kbli/konversi/08101?v=2020,
08102,08102,tetap,1:1,success,https://oss.go.id/id/kbli/konversi/08102?v=2020,
08103,08103,tetap,1:1,success,https://oss.go.id/id/kbli/konversi/08103?v=2020,
08104,08104,tetap,1:1,success,https://oss.go.id/id/kbli/konversi/08104?v=2020,
08105,08105,tetap,1:1,success,https://oss.go.id/id/kbli/konversi/08105?v=2020,
08106,08106,tetap,1:1,success,https://oss.go.id/id/kbli/konversi/08106?v=2020,
08107,08107,tetap,1:1,success,https://oss.go.id/id/kbli/konversi/08107?v=2020,
08108,08108,tetap,1:1,success,https://oss.go.id/id/kbli/konversi/08108?v=2020,
08109,08109,tetap,1:1,success,https://oss.go.id/id/kbli/konversi/08109?v=2020,
08911,08911,tetap,1:1,success,https://oss.go.id/id/kbli/konversi/08911?v=2020,
08912,08912,tetap,1:1,success,https://oss.go.id/id/kbli/konversi/08912?v=2020,
08913,08913,tetap,1:1,success,https://oss.go.id/id/kbli/konversi/08913?v=2020,
08914,08914,tetap,1:1,success,https://oss.go.id/id/kbli/konversi/08914?v=2020,
08915,08915,tetap,1:1,success,https://oss.go.id/id/kbli/konversi/08915?v=2020,
08919,08919,tetap,1:1,success,https://oss.go.id/id/kbli/konversi/08919?v=2020,
08920,,,,not_found,https://oss.go.id/id/kbli/konversi/08920?v=2020,
08930,08930,tetap,1:1,success,https://oss.go.id/id/kbli/konversi/08930?v=2020,
08991,08991,tetap,1:1,success,https://oss.go.id/id/kbli/konversi/08991?v=2020,
08992,08992,tetap,1:1,success,https://oss.go.id/id/kbli/konversi/08992?v=2020,
08993,08993,tetap,1:1,success,https://oss.go.id/id/kbli/konversi/08993?v=2020,
08994,08994,tetap,1:1,success,https://oss.go.id/id/kbli/konversi/08994?v=2020,
08995,08995,tetap,1:1,success,https://oss.go.id/id/kbli/konversi/08995?v=2020,
08999,08996,dipecah,1:N,success,https://oss.go.id/id/kbli/konversi/08999?v=2020,
09100,09100,tetap,1:1,success,https://oss.go.id/id/kbli/konversi/09100?v=2020,
09900,09900,tetap,1:1,success,https://oss.go.id/id/kbli/konversi/09900?v=2020,
10110,10111,dipecah,1:N,success,https://oss.go.id/id/kbli/konversi/10110?v=2020,
10110,10112,dipecah,1:N,success,https://oss.go.id/id/kbli/konversi/10110?v=2020,
10110,10119,dipecah,1:N,success,https://oss.go.id/id/kbli/konversi/10110?v=2020,
10120,10113,berubah,1:1,success,https://oss.go.id/id/kbli/konversi/10120?v=2020,
10130,10120,berubah,1:1,success,https://oss.go.id/id/kbli/konversi/10130?v=2020,
10211,10211,tetap,1:1,success,https://oss.go.id/id/kbli/konversi/10211?v=2020,
10212,10212,tetap,1:1,success,https://oss.go.id/id/kbli/konversi/10212?v=2020,
10213,10213,tetap,1:1,success,https://oss.go.id/id/kbli/konversi/10213?v=2020,
10214,10214,tetap,1:1,success,https://oss.go.id/id/kbli/konversi/10214?v=2020,
10215,10215,tetap,1:1,success,https://oss.go.id/id/kbli/konversi/10215?v=2020,
10216,10218,dipecah,1:N,success,https://oss.go.id/id/kbli/konversi/10216?v=2020,
10217,10213,berubah,1:1,success,https://oss.go.id/id/kbli/konversi/10217?v=2020,
10219,10219,tetap,1:1,success,https://oss.go.id/id/kbli/konversi/10219?v=2020,
10221,10217,dipecah,1:N,success,https://oss.go.id/id/kbli/konversi/10221?v=2020,
10221,10297,dipecah,1:N,success,https://oss.go.id/id/kbli/konversi/10221?v=2020,
10222,10297,berubah,1:1,success,https://oss.go.id/id/kbli/konversi/10222?v=2020,
10291,10291,tetap,1:1,success,https://oss.go.id/id/kbli/konversi/10291?v=2020,
10292,10292,tetap,1:1,success,https://oss.go.id/id/kbli/konversi/10292?v=2020,
10293,10293,tetap,1:1,success,https://oss.go.id/id/kbli/konversi/10293?v=2020,
10294,10294,tetap,1:1,success,https://oss.go.id/id/kbli/konversi/10294?v=2020,
10295,10295,tetap,1:1,success,https://oss.go.id/id/kbli/konversi/10295?v=2020,
10296,10296,tetap,1:1,success,https://oss.go.id/id/kbli/konversi/10296?v=2020,
10297,03300,dipecah,1:N,success,https://oss.go.id/id/kbli/konversi/10297?v=2020,
10297,10213,dipecah,1:N,success,https://oss.go.id/id/kbli/konversi/10297?v=2020,
10297,10293,dipecah,1:N,success,https://oss.go.id/id/kbli/konversi/10297?v=2020,
10298,10798,dipecah,1:N,success,https://oss.go.id/id/kbli/konversi/10298?v=2020,
10299,10299,tetap,1:1,success,https://oss.go.id/id/kbli/konversi/10299?v=2020,
10311,10301,berubah,1:1,success,https://oss.go.id/id/kbli/konversi/10311?v=2020,
10312,10302,berubah,1:1,success,https://oss.go.id/id/kbli/konversi/10312?v=2020,
10313,10303,berubah,1:1,success,https://oss.go.id/id/kbli/konversi/10313?v=2020,
10314,10304,berubah,1:1,success,https://oss.go.id/id/kbli/konversi/10314?v=2020,
10320,10305,berubah,1:1,success,https://oss.go.id/id/kbli/konversi/10320?v=2020,
10330,10306,berubah,1:1,success,https://oss.go.id/id/kbli/konversi/10330?v=2020,
10391,10307,berubah,1:1,success,https://oss.go.id/id/kbli/konversi/10391?v=2020,
10392,10308,berubah,1:1,success,https://oss.go.id/id/kbli/konversi/10392?v=2020,
10393,10309,berubah,1:1,success,https://oss.go.id/id/kbli/konversi/10393?v=2020,
10399,10309,berubah,1:1,success,https://oss.go.id/id/kbli/konversi/10399?v=2020,
10411,10411,tetap,1:1,success,https://oss.go.id/id/kbli/konversi/10411?v=2020,
10412,10412,tetap,1:1,success,https://oss.go.id/id/kbli/konversi/10412?v=2020,
10413,10413,tetap,1:1,success,https://oss.go.id/id/kbli/konversi/10413?v=2020,
10414,10414,tetap,1:1,success,https://oss.go.id/id/kbli/konversi/10414?v=2020,
10415,10415,tetap,1:1,success,https://oss.go.id/id/kbli/konversi/10415?v=2020,
10421,10421,tetap,1:1,success,https://oss.go.id/id/kbli/konversi/10421?v=2020,
10422,10422,tetap,1:1,success,https://oss.go.id/id/kbli/konversi/10422?v=2020,
10423,10423,tetap,1:1,success,https://oss.go.id/id/kbli/konversi/10423?v=2020,
10424,16295,berubah,1:1,success,https://oss.go.id/id/kbli/konversi/10424?v=2020,
10431,10431,tetap,1:1,success,https://oss.go.id/id/kbli/konversi/10431?v=2020,
10432,10432,tetap,1:1,success,https://oss.go.id/id/kbli/konversi/10432?v=2020,
10433,10433,tetap,1:1,success,https://oss.go.id/id/kbli/konversi/10433?v=2020,
10434,10434,tetap,1:1,success,https://oss.go.id/id/kbli/konversi/10434?v=2020,
10435,10435,tetap,1:1,success,https://oss.go.id/id/kbli/konversi/10435?v=2020,
10436,10436,tetap,1:1,success,https://oss.go.id/id/kbli/konversi/10436?v=2020,
10437,10437,tetap,1:1,success,https://oss.go.id/id/kbli/konversi/10437?v=2020,
10490,10419,berubah,1:1,success,https://oss.go.id/id/kbli/konversi/10490?v=2020,
10510,10501,berubah,1:1,success,https://oss.go.id/id/kbli/konversi/10510?v=2020,
10520,10502,berubah,1:1,success,https://oss.go.id/id/kbli/konversi/10520?v=2020,
10531,10503,berubah,1:1,success,https://oss.go.id/id/kbli/konversi/10531?v=2020,
10532,10504,berubah,1:1,success,https://oss.go.id/id/kbli/konversi/10532?v=2020,
10590,10503,dipecah,1:N,success,https://oss.go.id/id/kbli/konversi/10590?v=2020,
10590,10509,dipecah,1:N,success,https://oss.go.id/id/kbli/konversi/10590?v=2020,
10611,10611,tetap,1:1,success,https://oss.go.id/id/kbli/konversi/10611?v=2020,
10612,10612,tetap,1:1,success,https://oss.go.id/id/kbli/konversi/10612?v=2020,
10613,10613,tetap,1:1,success,https://oss.go.id/id/kbli/konversi/10613?v=2020,
10614,10614,tetap,1:1,success,https://oss.go.id/id/kbli/konversi/10614?v=2020,
10615,10615,tetap,1:1,success,https://oss.go.id/id/kbli/konversi/10615?v=2020,
10616,10616,tetap,1:1,success,https://oss.go.id/id/kbli/konversi/10616?v=2020,
10621,10621,tetap,1:1,success,https://oss.go.id/id/kbli/konversi/10621?v=2020,
10622,10622,tetap,1:1,success,https://oss.go.id/id/kbli/konversi/10622?v=2020,
10623,10509,dipecah,1:N,success,https://oss.go.id/id/kbli/konversi/10623?v=2020,
10623,10799,dipecah,1:N,success,https://oss.go.id/id/kbli/konversi/10623?v=2020,
10629,10629,tetap,1:1,success,https://oss.go.id/id/kbli/konversi/10629?v=2020,
10631,10631,tetap,1:1,success,https://oss.go.id/id/kbli/konversi/10631?v=2020,
10632,10632,tetap,1:1,success,https://oss.go.id/id/kbli/konversi/10632?v=2020,
10633,10633,tetap,1:1,success,https://oss.go.id/id/kbli/konversi/10633?v=2020,
10634,10634,tetap,1:1,success,https://oss.go.id/id/kbli/konversi/10634?v=2020,
10635,10635,tetap,1:1,success,https://oss.go.id/id/kbli/konversi/10635?v=2020,
10636,10636,tetap,1:1,success,https://oss.go.id/id/kbli/konversi/10636?v=2020,
10710,10710,tetap,1:1,success,https://oss.go.id/id/kbli/konversi/10710?v=2020,
10721,10721,tetap,1:1,success,https://oss.go.id/id/kbli/konversi/10721?v=2020,
10722,10722,tetap,1:1,success,https://oss.go.id/id/kbli/konversi/10722?v=2020,
10723,10723,tetap,1:1,success,https://oss.go.id/id/kbli/konversi/10723?v=2020,
10729,10799,dipecah,1:N,success,https://oss.go.id/id/kbli/konversi/10729?v=2020,
10731,10731,tetap,1:1,success,https://oss.go.id/id/kbli/konversi/10731?v=2020,
10732,10732,tetap,1:1,success,https://oss.go.id/id/kbli/konversi/10732?v=2020,
10733,10733,tetap,1:1,success,https://oss.go.id/id/kbli/konversi/10733?v=2020,
10734,10739,berubah,1:1,success,https://oss.go.id/id/kbli/konversi/10734?v=2020,
10739,10739,tetap,1:1,success,https://oss.go.id/id/kbli/konversi/10739?v=2020,
10740,10740,tetap,1:1,success,https://oss.go.id/id/kbli/konversi/10740?v=2020,
10750,10750,tetap,1:1,success,https://oss.go.id/id/kbli/konversi/10750?v=2020,
10761,10761,tetap,1:1,success,https://oss.go.id/id/kbli/konversi/10761?v=2020,
10762,10797,berubah,1:1,success,https://oss.go.id/id/kbli/konversi/10762?v=2020,
10763,10762,berubah,1:1,success,https://oss.go.id/id/kbli/konversi/10763?v=2020,
10771,10771,tetap,1:1,success,https://oss.go.id/id/kbli/konversi/10771?v=2020,
10772,10779,dipecah,1:N,success,https://oss.go.id/id/kbli/konversi/10772?v=2020,
10772,10799,dipecah,1:N,success,https://oss.go.id/id/kbli/konversi/10772?v=2020,
10773,10793,berubah,1:1,success,https://oss.go.id/id/kbli/konversi/10773?v=2020,
10774,10772,dipecah,1:N,success,https://oss.go.id/id/kbli/konversi/10774?v=2020,
10774,10773,dipecah,1:N,success,https://oss.go.id/id/kbli/konversi/10774?v=2020,
10779,10799,dipecah,1:N,success,https://oss.go.id/id/kbli/konversi/10779?v=2020,
10791,10791,tetap,1:1,success,https://oss.go.id/id/kbli/konversi/10791?v=2020,
10792,10792,tetap,1:1,success,https://oss.go.id/id/kbli/konversi/10792?v=2020,
10793,10309,dipecah,1:N,success,https://oss.go.id/id/kbli/konversi/10793?v=2020,
10793,10794,dipecah,1:N,success,https://oss.go.id/id/kbli/konversi/10793?v=2020,
10793,10799,dipecah,1:N,success,https://oss.go.id/id/kbli/konversi/10793?v=2020,
10794,10794,tetap,1:1,success,https://oss.go.id/id/kbli/konversi/10794?v=2020,
10795,10795,tetap,1:1,success,https://oss.go.id/id/kbli/konversi/10795?v=2020,
10796,10796,tetap,1:1,success,https://oss.go.id/id/kbli/konversi/10796?v=2020,
10799,10791,dipecah,1:N,success,https://oss.go.id/id/kbli/konversi/10799?v=2020,
10799,10795,dipecah,1:N,success,https://oss.go.id/id/kbli/konversi/10799?v=2020,
10801,10801,tetap,1:1,success,https://oss.go.id/id/kbli/konversi/10801?v=2020,
10802,10802,tetap,1:1,success,https://oss.go.id/id/kbli/konversi/10802?v=2020,
11010,11010,tetap,1:1,success,https://oss.go.id/id/kbli/konversi/11010?v=2020,
11031,11030,berubah,1:1,success,https://oss.go.id/id/kbli/konversi/11031?v=2020,
11032,11040,berubah,1:1,success,https://oss.go.id/id/kbli/konversi/11032?v=2020,
11040,11053,berubah,1:1,success,https://oss.go.id/id/kbli/konversi/11040?v=2020,
11051,11051,tetap,1:1,success,https://oss.go.id/id/kbli/konversi/11051?v=2020,
11052,11052,tetap,1:1,success,https://oss.go.id/id/kbli/konversi/11052?v=2020,
11090,11059,berubah,1:1,success,https://oss.go.id/id/kbli/konversi/11090?v=2020,
12011,12001,berubah,1:1,success,https://oss.go.id/id/kbli/konversi/12011?v=2020,
12012,12003,berubah,1:1,success,https://oss.go.id/id/kbli/konversi/12012?v=2020,
12013,12002,berubah,1:1,success,https://oss.go.id/id/kbli/konversi/12013?v=2020,
12019,12009,berubah,1:1,success,https://oss.go.id/id/kbli/konversi/12019?v=2020,
12091,12004,berubah,1:1,success,https://oss.go.id/id/kbli/konversi/12091?v=2020,
12099,12005,dipecah,1:N,success,https://oss.go.id/id/kbli/konversi/12099?v=2020,
12099,12009,dipecah,1:N,success,https://oss.go.id/id/kbli/konversi/12099?v=2020,
12099,17099,dipecah,1:N,success,https://oss.go.id/id/kbli/konversi/12099?v=2020,
12099,20298,dipecah,1:N,success,https://oss.go.id/id/kbli/konversi/12099?v=2020,
13111,13111,tetap,1:1,success,https://oss.go.id/id/kbli/konversi/13111?v=2020,
13112,13112,tetap,1:1,success,https://oss.go.id/id/kbli/konversi/13112?v=2020,
13113,13113,tetap,1:1,success,https://oss.go.id/id/kbli/konversi/13113?v=2020,
13121,13122,dipecah,1:N,success,https://oss.go.id/id/kbli/konversi/13121?v=2020,
13122,13122,tetap,1:1,success,https://oss.go.id/id/kbli/konversi/13122?v=2020,
13123,13121,dipecah,1:N,success,https://oss.go.id/id/kbli/konversi/13123?v=2020,
13123,13122,dipecah,1:N,success,https://oss.go.id/id/kbli/konversi/13123?v=2020,
13131,13131,tetap,1:1,success,https://oss.go.id/id/kbli/konversi/13131?v=2020,
13132,13139,dipecah,1:N,success,https://oss.go.id/id/kbli/konversi/13132?v=2020,
13133,13132,dipecah,1:N,success,https://oss.go.id/id/kbli/konversi/13133?v=2020,
13133,13139,dipecah,1:N,success,https://oss.go.id/id/kbli/konversi/13133?v=2020,
13133,18111,dipecah,1:N,success,https://oss.go.id/id/kbli/konversi/13133?v=2020,
13134,13133,berubah,1:1,success,https://oss.go.id/id/kbli/konversi/13134?v=2020,
13911,13911,tetap,1:1,success,https://oss.go.id/id/kbli/konversi/13911?v=2020,
13912,13912,tetap,1:1,success,https://oss.go.id/id/kbli/konversi/13912?v=2020,
13913,13913,tetap,1:1,success,https://oss.go.id/id/kbli/konversi/13913?v=2020,
13921,13922,dipecah,1:N,success,https://oss.go.id/id/kbli/konversi/13921?v=2020,
13922,13921,dipecah,1:N,success,https://oss.go.id/id/kbli/konversi/13922?v=2020,
13922,13999,dipecah,1:N,success,https://oss.go.id/id/kbli/konversi/13922?v=2020,
13923,13922,berubah,1:1,success,https://oss.go.id/id/kbli/konversi/13923?v=2020,
13924,13921,dipecah,1:N,success,https://oss.go.id/id/kbli/konversi/13924?v=2020,
13924,13922,dipecah,1:N,success,https://oss.go.id/id/kbli/konversi/13924?v=2020,
13924,13929,dipecah,1:N,success,https://oss.go.id/id/kbli/konversi/13924?v=2020,
13924,13999,dipecah,1:N,success,https://oss.go.id/id/kbli/konversi/13924?v=2020,
13925,13923,berubah,1:1,success,https://oss.go.id/id/kbli/konversi/13925?v=2020,
13926,13924,berubah,1:1,success,https://oss.go.id/id/kbli/konversi/13926?v=2020,
13929,13921,dipecah,1:N,success,https://oss.go.id/id/kbli/konversi/13929?v=2020,
13929,13999,dipecah,1:N,success,https://oss.go.id/id/kbli/konversi/13929?v=2020,
13930,13930,tetap,1:1,success,https://oss.go.id/id/kbli/konversi/13930?v=2020,
13941,13941,tetap,1:1,success,https://oss.go.id/id/kbli/konversi/13941?v=2020,
13942,13999,dipecah,1:N,success,https://oss.go.id/id/kbli/konversi/13942?v=2020,
13991,13999,dipecah,1:N,success,https://oss.go.id/id/kbli/konversi/13991?v=2020,
13992,13992,tetap,1:1,success,https://oss.go.id/id/kbli/konversi/13992?v=2020,
13993,13993,tetap,1:1,success,https://oss.go.id/id/kbli/konversi/13993?v=2020,
13994,13994,tetap,1:1,success,https://oss.go.id/id/kbli/konversi/13994?v=2020,
13995,13995,tetap,1:1,success,https://oss.go.id/id/kbli/konversi/13995?v=2020,
13996,13911,dipecah,1:N,success,https://oss.go.id/id/kbli/konversi/13996?v=2020,
13999,13999,tetap,1:1,success,https://oss.go.id/id/kbli/konversi/13999?v=2020,
14111,17091,dipecah,1:N,success,https://oss.go.id/id/kbli/konversi/14111?v=2020,
14112,14112,tetap,1:1,success,https://oss.go.id/id/kbli/konversi/14112?v=2020,
14120,14120,tetap,1:1,success,https://oss.go.id/id/kbli/konversi/14120?v=2020,
14131,14131,tetap,1:1,success,https://oss.go.id/id/kbli/konversi/14131?v=2020,
14132,14132,tetap,1:1,success,https://oss.go.id/id/kbli/konversi/14132?v=2020,
14200,14200,tetap,1:1,success,https://oss.go.id/id/kbli/konversi/14200?v=2020,
14301,14301,tetap,1:1,success,https://oss.go.id/id/kbli/konversi/14301?v=2020,
14302,13139,dipecah,1:N,success,https://oss.go.id/id/kbli/konversi/14302?v=2020,
14302,14301,dipecah,1:N,success,https://oss.go.id/id/kbli/konversi/14302?v=2020,
14303,14302,berubah,1:1,success,https://oss.go.id/id/kbli/konversi/14303?v=2020,
15111,15111,tetap,1:1,success,https://oss.go.id/id/kbli/konversi/15111?v=2020,
15112,15112,tetap,1:1,success,https://oss.go.id/id/kbli/konversi/15112?v=2020,
15113,15113,tetap,1:1,success,https://oss.go.id/id/kbli/konversi/15113?v=2020,
15114,15114,tetap,1:1,success,https://oss.go.id/id/kbli/konversi/15114?v=2020,
15121,15121,tetap,1:1,success,https://oss.go.id/id/kbli/konversi/15121?v=2020,
15122,14132,dipecah,1:N,success,https://oss.go.id/id/kbli/konversi/15122?v=2020,
15122,15129,dipecah,1:N,success,https://oss.go.id/id/kbli/konversi/15122?v=2020,
15123,15122,berubah,1:1,success,https://oss.go.id/id/kbli/konversi/15123?v=2020,
15129,15129,tetap,1:1,success,https://oss.go.id/id/kbli/konversi/15129?v=2020,
15201,15201,tetap,1:1,success,https://oss.go.id/id/kbli/konversi/15201?v=2020,
15202,15202,tetap,1:1,success,https://oss.go.id/id/kbli/konversi/15202?v=2020,
15203,15203,tetap,1:1,success,https://oss.go.id/id/kbli/konversi/15203?v=2020,
15209,32502,dipecah,1:N,success,https://oss.go.id/id/kbli/konversi/15209?v=2020,
16101,16101,tetap,1:1,success,https://oss.go.id/id/kbli/konversi/16101?v=2020,
16102,16102,tetap,1:1,success,https://oss.go.id/id/kbli/konversi/16102?v=2020,
16103,16103,tetap,1:1,success,https://oss.go.id/id/kbli/konversi/16103?v=2020,
16104,16104,tetap,1:1,success,https://oss.go.id/id/kbli/konversi/16104?v=2020,
16105,16105,tetap,1:1,success,https://oss.go.id/id/kbli/konversi/16105?v=2020,
16211,16211,tetap,1:1,success,https://oss.go.id/id/kbli/konversi/16211?v=2020,
16212,16211,berubah,1:1,success,https://oss.go.id/id/kbli/konversi/16212?v=2020,
16213,16219,berubah,1:1,success,https://oss.go.id/id/kbli/konversi/16213?v=2020,
16214,16212,berubah,1:1,success,https://oss.go.id/id/kbli/konversi/16214?v=2020,
16215,16213,berubah,1:1,success,https://oss.go.id/id/kbli/konversi/16215?v=2020,
16221,16221,tetap,1:1,success,https://oss.go.id/id/kbli/konversi/16221?v=2020,
16222,16222,tetap,1:1,success,https://oss.go.id/id/kbli/konversi/16222?v=2020,
16230,16230,tetap,1:1,success,https://oss.go.id/id/kbli/konversi/16230?v=2020,
16291,14131,dipecah,1:N,success,https://oss.go.id/id/kbli/konversi/16291?v=2020,
16292,14131,dipecah,1:N,success,https://oss.go.id/id/kbli/konversi/16292?v=2020,
16293,16293,tetap,1:1,success,https://oss.go.id/id/kbli/konversi/16293?v=2020,
16294,16294,tetap,1:1,success,https://oss.go.id/id/kbli/konversi/16294?v=2020,
16295,16295,tetap,1:1,success,https://oss.go.id/id/kbli/konversi/16295?v=2020,
16299,16219,dipecah,1:N,success,https://oss.go.id/id/kbli/konversi/16299?v=2020,
17011,17011,tetap,1:1,success,https://oss.go.id/id/kbli/konversi/17011?v=2020,
17012,17012,tetap,1:1,success,https://oss.go.id/id/kbli/konversi/17012?v=2020,
17013,17013,tetap,1:1,success,https://oss.go.id/id/kbli/konversi/17013?v=2020,
17014,17014,tetap,1:1,success,https://oss.go.id/id/kbli/konversi/17014?v=2020,
17019,17019,tetap,1:1,success,https://oss.go.id/id/kbli/konversi/17019?v=2020,
17021,17021,tetap,1:1,success,https://oss.go.id/id/kbli/konversi/17021?v=2020,
17022,17022,tetap,1:1,success,https://oss.go.id/id/kbli/konversi/17022?v=2020,
17091,17091,tetap,1:1,success,https://oss.go.id/id/kbli/konversi/17091?v=2020,
17099,17019,dipecah,1:N,success,https://oss.go.id/id/kbli/konversi/17099?v=2020,
17099,17021,dipecah,1:N,success,https://oss.go.id/id/kbli/konversi/17099?v=2020,
18111,18111,tetap,1:1,success,https://oss.go.id/id/kbli/konversi/18111?v=2020,
18112,18112,tetap,1:1,success,https://oss.go.id/id/kbli/konversi/18112?v=2020,
18113,18113,tetap,1:1,success,https://oss.go.id/id/kbli/konversi/18113?v=2020,
18120,18120,tetap,1:1,success,https://oss.go.id/id/kbli/konversi/18120?v=2020,
18201,18201,tetap,1:1,success,https://oss.go.id/id/kbli/konversi/18201?v=2020,
18202,18202,tetap,1:1,success,https://oss.go.id/id/kbli/konversi/18202?v=2020,
19100,19100,tetap,1:1,success,https://oss.go.id/id/kbli/konversi/19100?v=2020,
19211,19201,berubah,1:1,success,https://oss.go.id/id/kbli/konversi/19211?v=2020,
19212,19202,dipecah,1:N,success,https://oss.go.id/id/kbli/konversi/19212?v=2020,
19212,19204,dipecah,1:N,success,https://oss.go.id/id/kbli/konversi/19212?v=2020,
19213,,,,not_found,https://oss.go.id/id/kbli/konversi/19213?v=2020,
19214,19203,berubah,1:1,success,https://oss.go.id/id/kbli/konversi/19214?v=2020,
19291,19205,dipecah,1:N,success,https://oss.go.id/id/kbli/konversi/19291?v=2020,
19291,19206,dipecah,1:N,success,https://oss.go.id/id/kbli/konversi/19291?v=2020,
19291,19209,dipecah,1:N,success,https://oss.go.id/id/kbli/konversi/19291?v=2020,
19292,19205,berubah,1:1,success,https://oss.go.id/id/kbli/konversi/19292?v=2020,
20111,10773,dipecah,1:N,success,https://oss.go.id/id/kbli/konversi/20111?v=2020,
20111,20119,dipecah,1:N,success,https://oss.go.id/id/kbli/konversi/20111?v=2020,
20112,20121,dipecah,1:N,success,https://oss.go.id/id/kbli/konversi/20112?v=2020,
20113,20113,tetap,1:1,success,https://oss.go.id/id/kbli/konversi/20113?v=2020,
20114,20111,dipecah,1:N,success,https://oss.go.id/id/kbli/konversi/20114?v=2020,
20114,20119,dipecah,1:N,success,https://oss.go.id/id/kbli/konversi/20114?v=2020,
20114,20121,dipecah,1:N,success,https://oss.go.id/id/kbli/konversi/20114?v=2020,
20115,20131,dipecah,1:N,success,https://oss.go.id/id/kbli/konversi/20115?v=2020,
20115,20297,dipecah,1:N,success,https://oss.go.id/id/kbli/konversi/20115?v=2020,
20116,20113,berubah,1:1,success,https://oss.go.id/id/kbli/konversi/20116?v=2020,
20117,20116,berubah,1:1,success,https://oss.go.id/id/kbli/konversi/20117?v=2020,
20118,10799,dipecah,1:N,success,https://oss.go.id/id/kbli/konversi/20118?v=2020,
20118,20111,dipecah,1:N,success,https://oss.go.id/id/kbli/konversi/20118?v=2020,
20118,20115,dipecah,1:N,success,https://oss.go.id/id/kbli/konversi/20118?v=2020,
20118,20116,dipecah,1:N,success,https://oss.go.id/id/kbli/konversi/20118?v=2020,
20118,20231,dipecah,1:N,success,https://oss.go.id/id/kbli/konversi/20118?v=2020,
20118,20299,dipecah,1:N,success,https://oss.go.id/id/kbli/konversi/20118?v=2020,
20119,20115,dipecah,1:N,success,https://oss.go.id/id/kbli/konversi/20119?v=2020,
20119,20116,dipecah,1:N,success,https://oss.go.id/id/kbli/konversi/20119?v=2020,
20121,20121,tetap,1:1,success,https://oss.go.id/id/kbli/konversi/20121?v=2020,
20122,20112,dipecah,1:N,success,https://oss.go.id/id/kbli/konversi/20122?v=2020,
20122,20119,dipecah,1:N,success,https://oss.go.id/id/kbli/konversi/20122?v=2020,
20122,20121,dipecah,1:N,success,https://oss.go.id/id/kbli/konversi/20122?v=2020,
20123,20122,berubah,1:1,success,https://oss.go.id/id/kbli/konversi/20123?v=2020,
20124,20122,berubah,1:1,success,https://oss.go.id/id/kbli/konversi/20124?v=2020,
20125,20122,berubah,1:1,success,https://oss.go.id/id/kbli/konversi/20125?v=2020,
20126,20123,berubah,1:1,success,https://oss.go.id/id/kbli/konversi/20126?v=2020,
20127,20124,berubah,1:1,success,https://oss.go.id/id/kbli/konversi/20127?v=2020,
20128,20124,berubah,1:1,success,https://oss.go.id/id/kbli/konversi/20128?v=2020,
20129,20125,berubah,1:1,success,https://oss.go.id/id/kbli/konversi/20129?v=2020,
20131,20131,tetap,1:1,success,https://oss.go.id/id/kbli/konversi/20131?v=2020,
20132,20132,tetap,1:1,success,https://oss.go.id/id/kbli/konversi/20132?v=2020,
20211,20211,tetap,1:1,success,https://oss.go.id/id/kbli/konversi/20211?v=2020,
20212,20212,tetap,1:1,success,https://oss.go.id/id/kbli/konversi/20212?v=2020,
20213,20213,tetap,1:1,success,https://oss.go.id/id/kbli/konversi/20213?v=2020,
20214,20124,berubah,1:1,success,https://oss.go.id/id/kbli/konversi/20214?v=2020,
20221,20229,dipecah,1:N,success,https://oss.go.id/id/kbli/konversi/20221?v=2020,
20222,20222,tetap,1:1,success,https://oss.go.id/id/kbli/konversi/20222?v=2020,
20223,20223,tetap,1:1,success,https://oss.go.id/id/kbli/konversi/20223?v=2020,
20231,20231,tetap,1:1,success,https://oss.go.id/id/kbli/konversi/20231?v=2020,
20232,20235,dipecah,1:N,success,https://oss.go.id/id/kbli/konversi/20232?v=2020,
20233,20233,tetap,1:1,success,https://oss.go.id/id/kbli/konversi/20233?v=2020,
20234,20234,tetap,1:1,success,https://oss.go.id/id/kbli/konversi/20234?v=2020,
20291,20291,tetap,1:1,success,https://oss.go.id/id/kbli/konversi/20291?v=2020,
20292,20292,tetap,1:1,success,https://oss.go.id/id/kbli/konversi/20292?v=2020,
20293,20293,tetap,1:1,success,https://oss.go.id/id/kbli/konversi/20293?v=2020,
20294,20294,tetap,1:1,success,https://oss.go.id/id/kbli/konversi/20294?v=2020,
20295,20295,tetap,1:1,success,https://oss.go.id/id/kbli/konversi/20295?v=2020,
20296,20115,dipecah,1:N,success,https://oss.go.id/id/kbli/konversi/20296?v=2020,
20299,20298,dipecah,1:N,success,https://oss.go.id/id/kbli/konversi/20299?v=2020,
20301,20301,tetap,1:1,success,https://oss.go.id/id/kbli/konversi/20301?v=2020,
20302,20302,tetap,1:1,success,https://oss.go.id/id/kbli/konversi/20302?v=2020,
21011,21011,tetap,1:1,success,https://oss.go.id/id/kbli/konversi/21011?v=2020,
21012,21012,tetap,1:1,success,https://oss.go.id/id/kbli/konversi/21012?v=2020,
21013,21013,tetap,1:1,success,https://oss.go.id/id/kbli/konversi/21013?v=2020,
21014,21014,tetap,1:1,success,https://oss.go.id/id/kbli/konversi/21014?v=2020,
21015,21015,tetap,1:1,success,https://oss.go.id/id/kbli/konversi/21015?v=2020,
21021,21021,tetap,1:1,success,https://oss.go.id/id/kbli/konversi/21021?v=2020,
21022,21022,tetap,1:1,success,https://oss.go.id/id/kbli/konversi/21022?v=2020,
21023,21023,tetap,1:1,success,https://oss.go.id/id/kbli/konversi/21023?v=2020,
21024,21024,tetap,1:1,success,https://oss.go.id/id/kbli/konversi/21024?v=2020,
22111,22111,tetap,1:1,success,https://oss.go.id/id/kbli/konversi/22111?v=2020,
22112,22112,tetap,1:1,success,https://oss.go.id/id/kbli/konversi/22112?v=2020,
22121,22121,tetap,1:1,success,https://oss.go.id/id/kbli/konversi/22121?v=2020,
22122,22129,dipecah,1:N,success,https://oss.go.id/id/kbli/konversi/22122?v=2020,
22123,22123,tetap,1:1,success,https://oss.go.id/id/kbli/konversi/22123?v=2020,
22191,22191,tetap,1:1,success,https://oss.go.id/id/kbli/konversi/22191?v=2020,
22192,22192,tetap,1:1,success,https://oss.go.id/id/kbli/konversi/22192?v=2020,
22193,22193,tetap,1:1,success,https://oss.go.id/id/kbli/konversi/22193?v=2020,
22194,22194,tetap,1:1,success,https://oss.go.id/id/kbli/konversi/22194?v=2020,
22199,22199,tetap,1:1,success,https://oss.go.id/id/kbli/konversi/22199?v=2020,
22210,22201,berubah,1:1,success,https://oss.go.id/id/kbli/konversi/22210?v=2020,
22220,22202,berubah,1:1,success,https://oss.go.id/id/kbli/konversi/22220?v=2020,
22230,22203,berubah,1:1,success,https://oss.go.id/id/kbli/konversi/22230?v=2020,
22291,22204,berubah,1:1,success,https://oss.go.id/id/kbli/konversi/22291?v=2020,
22292,22205,berubah,1:1,success,https://oss.go.id/id/kbli/konversi/22292?v=2020,
22293,22206,berubah,1:1,success,https://oss.go.id/id/kbli/konversi/22293?v=2020,
22299,22209,berubah,1:1,success,https://oss.go.id/id/kbli/konversi/22299?v=2020,
23111,23111,tetap,1:1,success,https://oss.go.id/id/kbli/konversi/23111?v=2020,
23112,23112,tetap,1:1,success,https://oss.go.id/id/kbli/konversi/23112?v=2020,
23119,23119,tetap,1:1,success,https://oss.go.id/id/kbli/konversi/23119?v=2020,
23121,23121,tetap,1:1,success,https://oss.go.id/id/kbli/konversi/23121?v=2020,
23122,23122,tetap,1:1,success,https://oss.go.id/id/kbli/konversi/23122?v=2020,
23123,23121,berubah,1:1,success,https://oss.go.id/id/kbli/konversi/23123?v=2020,
23124,23122,berubah,1:1,success,https://oss.go.id/id/kbli/konversi/23124?v=2020,
23129,23129,tetap,1:1,success,https://oss.go.id/id/kbli/konversi/23129?v=2020,
23911,23911,tetap,1:1,success,https://oss.go.id/id/kbli/konversi/23911?v=2020,
23919,23919,tetap,1:1,success,https://oss.go.id/id/kbli/konversi/23919?v=2020,
23921,23921,tetap,1:1,success,https://oss.go.id/id/kbli/konversi/23921?v=2020,
23922,23922,tetap,1:1,success,https://oss.go.id/id/kbli/konversi/23922?v=2020,
23923,23934,dipecah,1:N,success,https://oss.go.id/id/kbli/konversi/23923?v=2020,
23923,23935,dipecah,1:N,success,https://oss.go.id/id/kbli/konversi/23923?v=2020,
23929,23929,tetap,1:1,success,https://oss.go.id/id/kbli/konversi/23929?v=2020,
23931,23931,tetap,1:1,success,https://oss.go.id/id/kbli/konversi/23931?v=2020,
23932,23932,tetap,1:1,success,https://oss.go.id/id/kbli/konversi/23932?v=2020,
23933,23933,tetap,1:1,success,https://oss.go.id/id/kbli/konversi/23933?v=2020,
23939,23939,tetap,1:1,success,https://oss.go.id/id/kbli/konversi/23939?v=2020,
23941,23941,tetap,1:1,success,https://oss.go.id/id/kbli/konversi/23941?v=2020,
23942,23942,tetap,1:1,success,https://oss.go.id/id/kbli/konversi/23942?v=2020,
23943,23943,tetap,1:1,success,https://oss.go.id/id/kbli/konversi/23943?v=2020,
23951,23951,tetap,1:1,success,https://oss.go.id/id/kbli/konversi/23951?v=2020,
23952,23952,tetap,1:1,success,https://oss.go.id/id/kbli/konversi/23952?v=2020,
23953,23951,dipecah,1:N,success,https://oss.go.id/id/kbli/konversi/23953?v=2020,
23953,23952,dipecah,1:N,success,https://oss.go.id/id/kbli/konversi/23953?v=2020,
23954,23953,berubah,1:1,success,https://oss.go.id/id/kbli/konversi/23954?v=2020,
23955,23954,berubah,1:1,success,https://oss.go.id/id/kbli/konversi/23955?v=2020,
23956,23954,berubah,1:1,success,https://oss.go.id/id/kbli/konversi/23956?v=2020,
23957,23955,berubah,1:1,success,https://oss.go.id/id/kbli/konversi/23957?v=2020,
23959,23951,dipecah,1:N,success,https://oss.go.id/id/kbli/konversi/23959?v=2020,
23959,23952,dipecah,1:N,success,https://oss.go.id/id/kbli/konversi/23959?v=2020,
23959,23953,dipecah,1:N,success,https://oss.go.id/id/kbli/konversi/23959?v=2020,
23959,23954,dipecah,1:N,success,https://oss.go.id/id/kbli/konversi/23959?v=2020,
23959,23955,dipecah,1:N,success,https://oss.go.id/id/kbli/konversi/23959?v=2020,
23961,23962,dipecah,1:N,success,https://oss.go.id/id/kbli/konversi/23961?v=2020,
23962,23961,dipecah,1:N,success,https://oss.go.id/id/kbli/konversi/23962?v=2020,
23963,23969,berubah,1:1,success,https://oss.go.id/id/kbli/konversi/23963?v=2020,
23969,23961,dipecah,1:N,success,https://oss.go.id/id/kbli/konversi/23969?v=2020,
23969,23962,dipecah,1:N,success,https://oss.go.id/id/kbli/konversi/23969?v=2020,
23990,19209,dipecah,1:N,success,https://oss.go.id/id/kbli/konversi/23990?v=2020,
23990,23991,dipecah,1:N,success,https://oss.go.id/id/kbli/konversi/23990?v=2020,
23990,23992,dipecah,1:N,success,https://oss.go.id/id/kbli/konversi/23990?v=2020,
23990,23993,dipecah,1:N,success,https://oss.go.id/id/kbli/konversi/23990?v=2020,
23990,23999,dipecah,1:N,success,https://oss.go.id/id/kbli/konversi/23990?v=2020,
24101,24101,tetap,1:1,success,https://oss.go.id/id/kbli/konversi/24101?v=2020,
24102,24102,tetap,1:1,success,https://oss.go.id/id/kbli/konversi/24102?v=2020,
24103,24103,tetap,1:1,success,https://oss.go.id/id/kbli/konversi/24103?v=2020,
24201,24201,tetap,1:1,success,https://oss.go.id/id/kbli/konversi/24201?v=2020,
24202,24202,tetap,1:1,success,https://oss.go.id/id/kbli/konversi/24202?v=2020,
24203,24203,tetap,1:1,success,https://oss.go.id/id/kbli/konversi/24203?v=2020,
24204,24204,tetap,1:1,success,https://oss.go.id/id/kbli/konversi/24204?v=2020,
24205,24205,tetap,1:1,success,https://oss.go.id/id/kbli/konversi/24205?v=2020,
24206,24206,tetap,1:1,success,https://oss.go.id/id/kbli/konversi/24206?v=2020,
24310,24310,tetap,1:1,success,https://oss.go.id/id/kbli/konversi/24310?v=2020,
24320,24320,tetap,1:1,success,https://oss.go.id/id/kbli/konversi/24320?v=2020,
25111,25111,tetap,1:1,success,https://oss.go.id/id/kbli/konversi/25111?v=2020,
25112,25112,tetap,1:1,success,https://oss.go.id/id/kbli/konversi/25112?v=2020,
25113,25113,tetap,1:1,success,https://oss.go.id/id/kbli/konversi/25113?v=2020,
25119,25119,tetap,1:1,success,https://oss.go.id/id/kbli/konversi/25119?v=2020,
25120,25130,dipecah,1:N,success,https://oss.go.id/id/kbli/konversi/25120?v=2020,
25120,28151,dipecah,1:N,success,https://oss.go.id/id/kbli/konversi/25120?v=2020,
25120,28199,dipecah,1:N,success,https://oss.go.id/id/kbli/konversi/25120?v=2020,
25130,25130,tetap,1:1,success,https://oss.go.id/id/kbli/konversi/25130?v=2020,
25200,25200,tetap,1:1,success,https://oss.go.id/id/kbli/konversi/25200?v=2020,
25910,25910,tetap,1:1,success,https://oss.go.id/id/kbli/konversi/25910?v=2020,
25920,25920,tetap,1:1,success,https://oss.go.id/id/kbli/konversi/25920?v=2020,
25931,28210,dipecah,1:N,success,https://oss.go.id/id/kbli/konversi/25931?v=2020,
25932,25931,dipecah,1:N,success,https://oss.go.id/id/kbli/konversi/25932?v=2020,
25932,28180,dipecah,1:N,success,https://oss.go.id/id/kbli/konversi/25932?v=2020,
25933,25932,dipecah,1:N,success,https://oss.go.id/id/kbli/konversi/25933?v=2020,
25934,25932,dipecah,1:N,success,https://oss.go.id/id/kbli/konversi/25934?v=2020,
25940,25940,tetap,1:1,success,https://oss.go.id/id/kbli/konversi/25940?v=2020,
25951,25951,tetap,1:1,success,https://oss.go.id/id/kbli/konversi/25951?v=2020,
25952,25952,tetap,1:1,success,https://oss.go.id/id/kbli/konversi/25952?v=2020,
25991,31022,dipecah,1:N,success,https://oss.go.id/id/kbli/konversi/25991?v=2020,
25992,25992,tetap,1:1,success,https://oss.go.id/id/kbli/konversi/25992?v=2020,
25993,31022,dipecah,1:N,success,https://oss.go.id/id/kbli/konversi/25993?v=2020,
25994,25994,tetap,1:1,success,https://oss.go.id/id/kbli/konversi/25994?v=2020,
25995,25995,tetap,1:1,success,https://oss.go.id/id/kbli/konversi/25995?v=2020,
25999,25952,dipecah,1:N,success,https://oss.go.id/id/kbli/konversi/25999?v=2020,
26110,26191,berubah,1:1,success,https://oss.go.id/id/kbli/konversi/26110?v=2020,
26120,26110,dipecah,1:N,success,https://oss.go.id/id/kbli/konversi/26120?v=2020,
26120,26199,dipecah,1:N,success,https://oss.go.id/id/kbli/konversi/26120?v=2020,
26210,26210,tetap,1:1,success,https://oss.go.id/id/kbli/konversi/26210?v=2020,
26220,26210,dipecah,1:N,success,https://oss.go.id/id/kbli/konversi/26220?v=2020,
26310,26310,tetap,1:1,success,https://oss.go.id/id/kbli/konversi/26310?v=2020,
26320,26320,tetap,1:1,success,https://oss.go.id/id/kbli/konversi/26320?v=2020,
26391,26391,tetap,1:1,success,https://oss.go.id/id/kbli/konversi/26391?v=2020,
26399,26320,dipecah,1:N,success,https://oss.go.id/id/kbli/konversi/26399?v=2020,
26399,26513,dipecah,1:N,success,https://oss.go.id/id/kbli/konversi/26399?v=2020,
26410,26410,tetap,1:1,success,https://oss.go.id/id/kbli/konversi/26410?v=2020,
26420,26420,tetap,1:1,success,https://oss.go.id/id/kbli/konversi/26420?v=2020,
26490,26490,tetap,1:1,success,https://oss.go.id/id/kbli/konversi/26490?v=2020,
26511,28192,dipecah,1:N,success,https://oss.go.id/id/kbli/konversi/26511?v=2020,
26512,26512,tetap,1:1,success,https://oss.go.id/id/kbli/konversi/26512?v=2020,
26513,26513,tetap,1:1,success,https://oss.go.id/id/kbli/konversi/26513?v=2020,
26514,26519,berubah,1:1,success,https://oss.go.id/id/kbli/konversi/26514?v=2020,
26520,27201,dipecah,1:N,success,https://oss.go.id/id/kbli/konversi/26520?v=2020,
26601,26601,tetap,1:1,success,https://oss.go.id/id/kbli/konversi/26601?v=2020,
26602,26602,tetap,1:1,success,https://oss.go.id/id/kbli/konversi/26602?v=2020,
26710,26701,berubah,1:1,success,https://oss.go.id/id/kbli/konversi/26710?v=2020,
26791,26702,dipecah,1:N,success,https://oss.go.id/id/kbli/konversi/26791?v=2020,
26791,26703,dipecah,1:N,success,https://oss.go.id/id/kbli/konversi/26791?v=2020,
26791,27201,dipecah,1:N,success,https://oss.go.id/id/kbli/konversi/26791?v=2020,
26792,26703,dipecah,1:N,success,https://oss.go.id/id/kbli/konversi/26792?v=2020,
26792,26709,dipecah,1:N,success,https://oss.go.id/id/kbli/konversi/26792?v=2020,
26800,26800,tetap,1:1,success,https://oss.go.id/id/kbli/konversi/26800?v=2020,
27111,27111,tetap,1:1,success,https://oss.go.id/id/kbli/konversi/27111?v=2020,
27112,27112,tetap,1:1,success,https://oss.go.id/id/kbli/konversi/27112?v=2020,
27113,27120,dipecah,1:N,success,https://oss.go.id/id/kbli/konversi/27113?v=2020,
27120,27111,dipecah,1:N,success,https://oss.go.id/id/kbli/konversi/27120?v=2020,
27201,27201,tetap,1:1,success,https://oss.go.id/id/kbli/konversi/27201?v=2020,
27202,27202,tetap,1:1,success,https://oss.go.id/id/kbli/konversi/27202?v=2020,
27203,27203,tetap,1:1,success,https://oss.go.id/id/kbli/konversi/27203?v=2020,
27310,27310,tetap,1:1,success,https://oss.go.id/id/kbli/konversi/27310?v=2020,
27320,27320,tetap,1:1,success,https://oss.go.id/id/kbli/konversi/27320?v=2020,
27330,27330,tetap,1:1,success,https://oss.go.id/id/kbli/konversi/27330?v=2020,
27401,27401,tetap,1:1,success,https://oss.go.id/id/kbli/konversi/27401?v=2020,
27402,27402,tetap,1:1,success,https://oss.go.id/id/kbli/konversi/27402?v=2020,
27403,27403,tetap,1:1,success,https://oss.go.id/id/kbli/konversi/27403?v=2020,
27404,27404,tetap,1:1,success,https://oss.go.id/id/kbli/konversi/27404?v=2020,
27409,27409,tetap,1:1,success,https://oss.go.id/id/kbli/konversi/27409?v=2020,
27510,27520,dipecah,1:N,success,https://oss.go.id/id/kbli/konversi/27510?v=2020,
27520,27520,tetap,1:1,success,https://oss.go.id/id/kbli/konversi/27520?v=2020,
27530,27530,tetap,1:1,success,https://oss.go.id/id/kbli/konversi/27530?v=2020,
27900,26110,dipecah,1:N,success,https://oss.go.id/id/kbli/konversi/27900?v=2020,
28111,28111,tetap,1:1,success,https://oss.go.id/id/kbli/konversi/28111?v=2020,
28112,28112,tetap,1:1,success,https://oss.go.id/id/kbli/konversi/28112?v=2020,
28113,28113,tetap,1:1,success,https://oss.go.id/id/kbli/konversi/28113?v=2020,
28120,28120,tetap,1:1,success,https://oss.go.id/id/kbli/konversi/28120?v=2020,
28130,28130,tetap,1:1,success,https://oss.go.id/id/kbli/konversi/28130?v=2020,
28140,28140,tetap,1:1,success,https://oss.go.id/id/kbli/konversi/28140?v=2020,
28151,28151,tetap,1:1,success,https://oss.go.id/id/kbli/konversi/28151?v=2020,
28152,28152,tetap,1:1,success,https://oss.go.id/id/kbli/konversi/28152?v=2020,
28160,28160,tetap,1:1,success,https://oss.go.id/id/kbli/konversi/28160?v=2020,
28171,28171,tetap,1:1,success,https://oss.go.id/id/kbli/konversi/28171?v=2020,
28172,28172,tetap,1:1,success,https://oss.go.id/id/kbli/konversi/28172?v=2020,
28173,28173,tetap,1:1,success,https://oss.go.id/id/kbli/konversi/28173?v=2020,
28174,28172,dipecah,1:N,success,https://oss.go.id/id/kbli/konversi/28174?v=2020,
28174,28173,dipecah,1:N,success,https://oss.go.id/id/kbli/konversi/28174?v=2020,
28179,28179,tetap,1:1,success,https://oss.go.id/id/kbli/konversi/28179?v=2020,
28180,28180,tetap,1:1,success,https://oss.go.id/id/kbli/konversi/28180?v=2020,
28191,28191,tetap,1:1,success,https://oss.go.id/id/kbli/konversi/28191?v=2020,
28192,28192,tetap,1:1,success,https://oss.go.id/id/kbli/konversi/28192?v=2020,
28193,28193,tetap,1:1,success,https://oss.go.id/id/kbli/konversi/28193?v=2020,
28199,28193,dipecah,1:N,success,https://oss.go.id/id/kbli/konversi/28199?v=2020,
28210,28210,tetap,1:1,success,https://oss.go.id/id/kbli/konversi/28210?v=2020,
28221,25931,dipecah,1:N,success,https://oss.go.id/id/kbli/konversi/28221?v=2020,
28221,28220,dipecah,1:N,success,https://oss.go.id/id/kbli/konversi/28221?v=2020,
28222,28220,berubah,1:1,success,https://oss.go.id/id/kbli/konversi/28222?v=2020,
28223,28220,berubah,1:1,success,https://oss.go.id/id/kbli/konversi/28223?v=2020,
28224,28220,berubah,1:1,success,https://oss.go.id/id/kbli/konversi/28224?v=2020,
28230,28230,tetap,1:1,success,https://oss.go.id/id/kbli/konversi/28230?v=2020,
28240,28160,dipecah,1:N,success,https://oss.go.id/id/kbli/konversi/28240?v=2020,
28250,28250,tetap,1:1,success,https://oss.go.id/id/kbli/konversi/28250?v=2020,
28261,31011,dipecah,1:N,success,https://oss.go.id/id/kbli/konversi/28261?v=2020,
28261,31012,dipecah,1:N,success,https://oss.go.id/id/kbli/konversi/28261?v=2020,
28261,31021,dipecah,1:N,success,https://oss.go.id/id/kbli/konversi/28261?v=2020,
28261,31022,dipecah,1:N,success,https://oss.go.id/id/kbli/konversi/28261?v=2020,
28261,31029,dipecah,1:N,success,https://oss.go.id/id/kbli/konversi/28261?v=2020,
28262,28261,berubah,1:1,success,https://oss.go.id/id/kbli/konversi/28262?v=2020,
28263,28262,berubah,1:1,success,https://oss.go.id/id/kbli/konversi/28263?v=2020,
28264,25999,dipecah,1:N,success,https://oss.go.id/id/kbli/konversi/28264?v=2020,
28264,28261,dipecah,1:N,success,https://oss.go.id/id/kbli/konversi/28264?v=2020,
28265,28263,berubah,1:1,success,https://oss.go.id/id/kbli/konversi/28265?v=2020,
28291,28291,tetap,1:1,success,https://oss.go.id/id/kbli/konversi/28291?v=2020,
28292,28292,tetap,1:1,success,https://oss.go.id/id/kbli/konversi/28292?v=2020,
28299,28299,tetap,1:1,success,https://oss.go.id/id/kbli/konversi/28299?v=2020,
29101,29100,berubah,1:1,success,https://oss.go.id/id/kbli/konversi/29101?v=2020,
29102,29100,berubah,1:1,success,https://oss.go.id/id/kbli/konversi/29102?v=2020,
29200,29200,tetap,1:1,success,https://oss.go.id/id/kbli/konversi/29200?v=2020,
29300,29300,tetap,1:1,success,https://oss.go.id/id/kbli/konversi/29300?v=2020,
30111,30113,dipecah,1:N,success,https://oss.go.id/id/kbli/konversi/30111?v=2020,
30112,30112,tetap,1:1,success,https://oss.go.id/id/kbli/konversi/30112?v=2020,
30113,25999,dipecah,1:N,success,https://oss.go.id/id/kbli/konversi/30113?v=2020,
30113,26511,dipecah,1:N,success,https://oss.go.id/id/kbli/konversi/30113?v=2020,
30113,26512,dipecah,1:N,success,https://oss.go.id/id/kbli/konversi/30113?v=2020,
30113,26513,dipecah,1:N,success,https://oss.go.id/id/kbli/konversi/30113?v=2020,
30113,26519,dipecah,1:N,success,https://oss.go.id/id/kbli/konversi/30113?v=2020,
30113,27403,dipecah,1:N,success,https://oss.go.id/id/kbli/konversi/30113?v=2020,
30113,28111,dipecah,1:N,success,https://oss.go.id/id/kbli/konversi/30113?v=2020,
30113,28112,dipecah,1:N,success,https://oss.go.id/id/kbli/konversi/30113?v=2020,
30113,28113,dipecah,1:N,success,https://oss.go.id/id/kbli/konversi/30113?v=2020,
30113,28160,dipecah,1:N,success,https://oss.go.id/id/kbli/konversi/30113?v=2020,
30120,30120,tetap,1:1,success,https://oss.go.id/id/kbli/konversi/30120?v=2020,
30200,30200,tetap,1:1,success,https://oss.go.id/id/kbli/konversi/30200?v=2020,
30300,30301,dipecah,1:N,success,https://oss.go.id/id/kbli/konversi/30300?v=2020,
30300,30302,dipecah,1:N,success,https://oss.go.id/id/kbli/konversi/30300?v=2020,
30300,30303,dipecah,1:N,success,https://oss.go.id/id/kbli/konversi/30300?v=2020,
30400,30400,tetap,1:1,success,https://oss.go.id/id/kbli/konversi/30400?v=2020,
30911,30921,dipecah,1:N,success,https://oss.go.id/id/kbli/konversi/30911?v=2020,
30912,30912,tetap,1:1,success,https://oss.go.id/id/kbli/konversi/30912?v=2020,
30921,30921,tetap,1:1,success,https://oss.go.id/id/kbli/konversi/30921?v=2020,
30922,30922,tetap,1:1,success,https://oss.go.id/id/kbli/konversi/30922?v=2020,
30990,30990,tetap,1:1,success,https://oss.go.id/id/kbli/konversi/30990?v=2020,
31001,31011,berubah,1:1,success,https://oss.go.id/id/kbli/konversi/31001?v=2020,
31002,31012,berubah,1:1,success,https://oss.go.id/id/kbli/konversi/31002?v=2020,
31003,31021,berubah,1:1,success,https://oss.go.id/id/kbli/konversi/31003?v=2020,
31004,31022,berubah,1:1,success,https://oss.go.id/id/kbli/konversi/31004?v=2020,
31009,31029,berubah,1:1,success,https://oss.go.id/id/kbli/konversi/31009?v=2020,
32111,32111,tetap,1:1,success,https://oss.go.id/id/kbli/konversi/32111?v=2020,
32112,32112,tetap,1:1,success,https://oss.go.id/id/kbli/konversi/32112?v=2020,
32113,32113,tetap,1:1,success,https://oss.go.id/id/kbli/konversi/32113?v=2020,
32114,32119,berubah,1:1,success,https://oss.go.id/id/kbli/konversi/32114?v=2020,
32115,32114,berubah,1:1,success,https://oss.go.id/id/kbli/konversi/32115?v=2020,
32119,32119,tetap,1:1,success,https://oss.go.id/id/kbli/konversi/32119?v=2020,
32120,32120,tetap,1:1,success,https://oss.go.id/id/kbli/konversi/32120?v=2020,
32201,32201,tetap,1:1,success,https://oss.go.id/id/kbli/konversi/32201?v=2020,
32202,32202,tetap,1:1,success,https://oss.go.id/id/kbli/konversi/32202?v=2020,
32300,32300,tetap,1:1,success,https://oss.go.id/id/kbli/konversi/32300?v=2020,
32401,32300,dipecah,1:N,success,https://oss.go.id/id/kbli/konversi/32401?v=2020,
32402,32300,dipecah,1:N,success,https://oss.go.id/id/kbli/konversi/32402?v=2020,
32402,32401,dipecah,1:N,success,https://oss.go.id/id/kbli/konversi/32402?v=2020,
32501,32501,tetap,1:1,success,https://oss.go.id/id/kbli/konversi/32501?v=2020,
32502,26602,dipecah,1:N,success,https://oss.go.id/id/kbli/konversi/32502?v=2020,
32502,32501,dipecah,1:N,success,https://oss.go.id/id/kbli/konversi/32502?v=2020,
32503,32503,tetap,1:1,success,https://oss.go.id/id/kbli/konversi/32503?v=2020,
32509,32509,tetap,1:1,success,https://oss.go.id/id/kbli/konversi/32509?v=2020,
32901,20229,dipecah,1:N,success,https://oss.go.id/id/kbli/konversi/32901?v=2020,
32902,32902,tetap,1:1,success,https://oss.go.id/id/kbli/konversi/32902?v=2020,
32903,32903,tetap,1:1,success,https://oss.go.id/id/kbli/konversi/32903?v=2020,
32904,32904,tetap,1:1,success,https://oss.go.id/id/kbli/konversi/32904?v=2020,
32905,32905,tetap,1:1,success,https://oss.go.id/id/kbli/konversi/32905?v=2020,
32906,20114,berubah,1:1,success,https://oss.go.id/id/kbli/konversi/32906?v=2020,
32907,24206,berubah,1:1,success,https://oss.go.id/id/kbli/konversi/32907?v=2020,
32909,32906,dipecah,1:N,success,https://oss.go.id/id/kbli/konversi/32909?v=2020,
32909,32907,dipecah,1:N,success,https://oss.go.id/id/kbli/konversi/32909?v=2020,
32909,32908,dipecah,1:N,success,https://oss.go.id/id/kbli/konversi/32909?v=2020,
33111,33111,tetap,1:1,success,https://oss.go.id/id/kbli/konversi/33111?v=2020,
33112,33112,tetap,1:1,success,https://oss.go.id/id/kbli/konversi/33112?v=2020,
33119,33119,tetap,1:1,success,https://oss.go.id/id/kbli/konversi/33119?v=2020,
33121,33121,tetap,1:1,success,https://oss.go.id/id/kbli/konversi/33121?v=2020,
33122,33122,tetap,1:1,success,https://oss.go.id/id/kbli/konversi/33122?v=2020,
33131,33131,tetap,1:1,success,https://oss.go.id/id/kbli/konversi/33131?v=2020,
33132,33132,tetap,1:1,success,https://oss.go.id/id/kbli/konversi/33132?v=2020,
33133,33133,tetap,1:1,success,https://oss.go.id/id/kbli/konversi/33133?v=2020,
33141,33141,tetap,1:1,success,https://oss.go.id/id/kbli/konversi/33141?v=2020,
33142,33142,tetap,1:1,success,https://oss.go.id/id/kbli/konversi/33142?v=2020,
33149,33149,tetap,1:1,success,https://oss.go.id/id/kbli/konversi/33149?v=2020,
33151,33151,tetap,1:1,success,https://oss.go.id/id/kbli/konversi/33151?v=2020,
33152,33152,tetap,1:1,success,https://oss.go.id/id/kbli/konversi/33152?v=2020,
33153,,,,not_found,https://oss.go.id/id/kbli/konversi/33153?v=2020,
33159,33159,tetap,1:1,success,https://oss.go.id/id/kbli/konversi/33159?v=2020,
33190,33190,tetap,1:1,success,https://oss.go.id/id/kbli/konversi/33190?v=2020,
33200,33201,dipecah,1:N,success,https://oss.go.id/id/kbli/konversi/33200?v=2020,
33200,33202,dipecah,1:N,success,https://oss.go.id/id/kbli/konversi/33200?v=2020,
35111,35112,dipecah,1:N,success,https://oss.go.id/id/kbli/konversi/35111?v=2020,
35111,35120,dipecah,1:N,success,https://oss.go.id/id/kbli/konversi/35111?v=2020,
35112,35131,dipecah,1:N,success,https://oss.go.id/id/kbli/konversi/35112?v=2020,
35112,35132,dipecah,1:N,success,https://oss.go.id/id/kbli/konversi/35112?v=2020,
35112,35133,dipecah,1:N,success,https://oss.go.id/id/kbli/konversi/35112?v=2020,
35113,35131,dipecah,1:N,success,https://oss.go.id/id/kbli/konversi/35113?v=2020,
35113,35132,dipecah,1:N,success,https://oss.go.id/id/kbli/konversi/35113?v=2020,
35113,35133,dipecah,1:N,success,https://oss.go.id/id/kbli/konversi/35113?v=2020,
35114,35131,dipecah,1:N,success,https://oss.go.id/id/kbli/konversi/35114?v=2020,
35114,35133,dipecah,1:N,success,https://oss.go.id/id/kbli/konversi/35114?v=2020,
35115,35140,berubah,1:1,success,https://oss.go.id/id/kbli/konversi/35115?v=2020,
35116,35140,berubah,1:1,success,https://oss.go.id/id/kbli/konversi/35116?v=2020,
35117,35140,berubah,1:1,success,https://oss.go.id/id/kbli/konversi/35117?v=2020,
35118,35140,berubah,1:1,success,https://oss.go.id/id/kbli/konversi/35118?v=2020,
35121,35151,berubah,1:1,success,https://oss.go.id/id/kbli/konversi/35121?v=2020,
35122,35152,berubah,1:1,success,https://oss.go.id/id/kbli/konversi/35122?v=2020,
35129,35159,berubah,1:1,success,https://oss.go.id/id/kbli/konversi/35129?v=2020,
35201,35201,tetap,1:1,success,https://oss.go.id/id/kbli/konversi/35201?v=2020,
35202,35202,tetap,1:1,success,https://oss.go.id/id/kbli/konversi/35202?v=2020,
35203,35201,berubah,1:1,success,https://oss.go.id/id/kbli/konversi/35203?v=2020,
35301,35301,tetap,1:1,success,https://oss.go.id/id/kbli/konversi/35301?v=2020,
35302,35302,tetap,1:1,success,https://oss.go.id/id/kbli/konversi/35302?v=2020,
36001,36001,tetap,1:1,success,https://oss.go.id/id/kbli/konversi/36001?v=2020,
36002,36002,tetap,1:1,success,https://oss.go.id/id/kbli/konversi/36002?v=2020,
36003,,,,not_found,https://oss.go.id/id/kbli/konversi/36003?v=2020,
37011,37001,berubah,1:1,success,https://oss.go.id/id/kbli/konversi/37011?v=2020,
37012,37001,berubah,1:1,success,https://oss.go.id/id/kbli/konversi/37012?v=2020,
37021,37002,berubah,1:1,success,https://oss.go.id/id/kbli/konversi/37021?v=2020,
37022,37002,berubah,1:1,success,https://oss.go.id/id/kbli/konversi/37022?v=2020,
38110,38110,tetap,1:1,success,https://oss.go.id/id/kbli/konversi/38110?v=2020,
38120,38121,berubah,1:1,success,https://oss.go.id/id/kbli/konversi/38120?v=2020,
38211,38219,dipecah,1:N,success,https://oss.go.id/id/kbli/konversi/38211?v=2020,
38212,38212,tetap,1:1,success,https://oss.go.id/id/kbli/konversi/38212?v=2020,
38220,38221,berubah,1:1,success,https://oss.go.id/id/kbli/konversi/38220?v=2020,
38301,38301,tetap,1:1,success,https://oss.go.id/id/kbli/konversi/38301?v=2020,
38302,38309,dipecah,1:N,success,https://oss.go.id/id/kbli/konversi/38302?v=2020,
39000,39002,dipecah,1:N,success,https://oss.go.id/id/kbli/konversi/39000?v=2020,
39000,39009,dipecah,1:N,success,https://oss.go.id/id/kbli/konversi/39000?v=2020,
41011,41011,tetap,1:1,success,https://oss.go.id/id/kbli/konversi/41011?v=2020,
41012,41012,tetap,1:1,success,https://oss.go.id/id/kbli/konversi/41012?v=2020,
41013,41013,tetap,1:1,success,https://oss.go.id/id/kbli/konversi/41013?v=2020,
41014,41014,tetap,1:1,success,https://oss.go.id/id/kbli/konversi/41014?v=2020,
41015,41015,tetap,1:1,success,https://oss.go.id/id/kbli/konversi/41015?v=2020,
41016,41016,tetap,1:1,success,https://oss.go.id/id/kbli/konversi/41016?v=2020,
41017,41017,tetap,1:1,success,https://oss.go.id/id/kbli/konversi/41017?v=2020,
41018,41018,tetap,1:1,success,https://oss.go.id/id/kbli/konversi/41018?v=2020,
41019,41019,tetap,1:1,success,https://oss.go.id/id/kbli/konversi/41019?v=2020,
41020,41020,tetap,1:1,success,https://oss.go.id/id/kbli/konversi/41020?v=2020,
42101,42101,tetap,1:1,success,https://oss.go.id/id/kbli/konversi/42101?v=2020,
42102,42102,tetap,1:1,success,https://oss.go.id/id/kbli/konversi/42102?v=2020,
42103,42103,tetap,1:1,success,https://oss.go.id/id/kbli/konversi/42103?v=2020,
42104,42104,tetap,1:1,success,https://oss.go.id/id/kbli/konversi/42104?v=2020,
42201,42201,tetap,1:1,success,https://oss.go.id/id/kbli/konversi/42201?v=2020,
42202,42202,tetap,1:1,success,https://oss.go.id/id/kbli/konversi/42202?v=2020,
42203,42203,tetap,1:1,success,https://oss.go.id/id/kbli/konversi/42203?v=2020,
42204,42204,tetap,1:1,success,https://oss.go.id/id/kbli/konversi/42204?v=2020,
42205,42205,tetap,1:1,success,https://oss.go.id/id/kbli/konversi/42205?v=2020,
42206,42206,tetap,1:1,success,https://oss.go.id/id/kbli/konversi/42206?v=2020,
42207,42207,tetap,1:1,success,https://oss.go.id/id/kbli/konversi/42207?v=2020,
42209,42209,tetap,1:1,success,https://oss.go.id/id/kbli/konversi/42209?v=2020,
42911,42911,tetap,1:1,success,https://oss.go.id/id/kbli/konversi/42911?v=2020,
42912,42912,tetap,1:1,success,https://oss.go.id/id/kbli/konversi/42912?v=2020,
42913,42913,tetap,1:1,success,https://oss.go.id/id/kbli/konversi/42913?v=2020,
42914,42912,berubah,1:1,success,https://oss.go.id/id/kbli/konversi/42914?v=2020,
42915,42991,berubah,1:1,success,https://oss.go.id/id/kbli/konversi/42915?v=2020,
42916,42992,berubah,1:1,success,https://oss.go.id/id/kbli/konversi/42916?v=2020,
42917,42993,berubah,1:1,success,https://oss.go.id/id/kbli/konversi/42917?v=2020,
42918,42994,berubah,1:1,success,https://oss.go.id/id/kbli/konversi/42918?v=2020,
42919,42919,tetap,1:1,success,https://oss.go.id/id/kbli/konversi/42919?v=2020,
42921,42914,berubah,1:1,success,https://oss.go.id/id/kbli/konversi/42921?v=2020,
42922,42915,berubah,1:1,success,https://oss.go.id/id/kbli/konversi/42922?v=2020,
42923,42995,berubah,1:1,success,https://oss.go.id/id/kbli/konversi/42923?v=2020,
42924,42996,berubah,1:1,success,https://oss.go.id/id/kbli/konversi/42924?v=2020,
42929,,,,not_found,https://oss.go.id/id/kbli/konversi/42929?v=2020,
42930,42209,berubah,1:1,success,https://oss.go.id/id/kbli/konversi/42930?v=2020,
43110,43110,tetap,1:1,success,https://oss.go.id/id/kbli/konversi/43110?v=2020,
43120,43120,tetap,1:1,success,https://oss.go.id/id/kbli/konversi/43120?v=2020,
43211,43400,dipecah,1:N,success,https://oss.go.id/id/kbli/konversi/43211?v=2020,
43212,43212,tetap,1:1,success,https://oss.go.id/id/kbli/konversi/43212?v=2020,
43213,43213,tetap,1:1,success,https://oss.go.id/id/kbli/konversi/43213?v=2020,
43214,43214,tetap,1:1,success,https://oss.go.id/id/kbli/konversi/43214?v=2020,
43215,43215,tetap,1:1,success,https://oss.go.id/id/kbli/konversi/43215?v=2020,
43216,43216,tetap,1:1,success,https://oss.go.id/id/kbli/konversi/43216?v=2020,
43221,43221,tetap,1:1,success,https://oss.go.id/id/kbli/konversi/43221?v=2020,
43222,43222,tetap,1:1,success,https://oss.go.id/id/kbli/konversi/43222?v=2020,
43223,43223,tetap,1:1,success,https://oss.go.id/id/kbli/konversi/43223?v=2020,
43224,43224,tetap,1:1,success,https://oss.go.id/id/kbli/konversi/43224?v=2020,
43291,43291,tetap,1:1,success,https://oss.go.id/id/kbli/konversi/43291?v=2020,
43292,33203,berubah,1:1,success,https://oss.go.id/id/kbli/konversi/43292?v=2020,
43293,42997,dipecah,1:N,success,https://oss.go.id/id/kbli/konversi/43293?v=2020,
43293,43400,dipecah,1:N,success,https://oss.go.id/id/kbli/konversi/43293?v=2020,
43294,42998,dipecah,1:N,success,https://oss.go.id/id/kbli/konversi/43294?v=2020,
43294,43400,dipecah,1:N,success,https://oss.go.id/id/kbli/konversi/43294?v=2020,
43299,43299,tetap,1:1,success,https://oss.go.id/id/kbli/konversi/43299?v=2020,
43301,43301,tetap,1:1,success,https://oss.go.id/id/kbli/konversi/43301?v=2020,
43302,43299,dipecah,1:N,success,https://oss.go.id/id/kbli/konversi/43302?v=2020,
43303,43303,tetap,1:1,success,https://oss.go.id/id/kbli/konversi/43303?v=2020,
43304,43309,berubah,1:1,success,https://oss.go.id/id/kbli/konversi/43304?v=2020,
43305,43309,berubah,1:1,success,https://oss.go.id/id/kbli/konversi/43305?v=2020,
43309,43309,tetap,1:1,success,https://oss.go.id/id/kbli/konversi/43309?v=2020,
43901,43901,tetap,1:1,success,https://oss.go.id/id/kbli/konversi/43901?v=2020,
43902,43902,tetap,1:1,success,https://oss.go.id/id/kbli/konversi/43902?v=2020,
43903,43903,tetap,1:1,success,https://oss.go.id/id/kbli/konversi/43903?v=2020,
43904,43904,tetap,1:1,success,https://oss.go.id/id/kbli/konversi/43904?v=2020,
43905,43905,tetap,1:1,success,https://oss.go.id/id/kbli/konversi/43905?v=2020,
43909,43909,tetap,1:1,success,https://oss.go.id/id/kbli/konversi/43909?v=2020,
45101,46611,berubah,1:1,success,https://oss.go.id/id/kbli/konversi/45101?v=2020,
45102,46612,berubah,1:1,success,https://oss.go.id/id/kbli/konversi/45102?v=2020,
45103,47811,berubah,1:1,success,https://oss.go.id/id/kbli/konversi/45103?v=2020,
45104,47812,berubah,1:1,success,https://oss.go.id/id/kbli/konversi/45104?v=2020,
45201,95311,berubah,1:1,success,https://oss.go.id/id/kbli/konversi/45201?v=2020,
45202,95312,dipecah,1:N,success,https://oss.go.id/id/kbli/konversi/45202?v=2020,
45202,95400,dipecah,1:N,success,https://oss.go.id/id/kbli/konversi/45202?v=2020,
45301,46620,berubah,1:1,success,https://oss.go.id/id/kbli/konversi/45301?v=2020,
45302,47820,berubah,1:1,success,https://oss.go.id/id/kbli/konversi/45302?v=2020,
45401,46631,berubah,1:1,success,https://oss.go.id/id/kbli/konversi/45401?v=2020,
45402,46632,berubah,1:1,success,https://oss.go.id/id/kbli/konversi/45402?v=2020,
45403,47831,berubah,1:1,success,https://oss.go.id/id/kbli/konversi/45403?v=2020,
45404,47832,berubah,1:1,success,https://oss.go.id/id/kbli/konversi/45404?v=2020,
45405,46633,berubah,1:1,success,https://oss.go.id/id/kbli/konversi/45405?v=2020,
45406,47833,berubah,1:1,success,https://oss.go.id/id/kbli/konversi/45406?v=2020,
45407,95320,berubah,1:1,success,https://oss.go.id/id/kbli/konversi/45407?v=2020,
46100,46100,tetap,1:1,success,https://oss.go.id/id/kbli/konversi/46100?v=2020,
46201,46201,tetap,1:1,success,https://oss.go.id/id/kbli/konversi/46201?v=2020,
46202,46202,tetap,1:1,success,https://oss.go.id/id/kbli/konversi/46202?v=2020,
46203,46203,tetap,1:1,success,https://oss.go.id/id/kbli/konversi/46203?v=2020,
46204,46204,tetap,1:1,success,https://oss.go.id/id/kbli/konversi/46204?v=2020,
46205,46205,tetap,1:1,success,https://oss.go.id/id/kbli/konversi/46205?v=2020,
46206,46206,tetap,1:1,success,https://oss.go.id/id/kbli/konversi/46206?v=2020,
46207,46207,tetap,1:1,success,https://oss.go.id/id/kbli/konversi/46207?v=2020,
46208,46208,tetap,1:1,success,https://oss.go.id/id/kbli/konversi/46208?v=2020,
46209,46209,tetap,1:1,success,https://oss.go.id/id/kbli/konversi/46209?v=2020,
46311,46311,tetap,1:1,success,https://oss.go.id/id/kbli/konversi/46311?v=2020,
46312,46312,tetap,1:1,success,https://oss.go.id/id/kbli/konversi/46312?v=2020,
46313,46313,tetap,1:1,success,https://oss.go.id/id/kbli/konversi/46313?v=2020,
46314,46314,tetap,1:1,success,https://oss.go.id/id/kbli/konversi/46314?v=2020,
46315,46315,tetap,1:1,success,https://oss.go.id/id/kbli/konversi/46315?v=2020,
46319,46319,tetap,1:1,success,https://oss.go.id/id/kbli/konversi/46319?v=2020,
46321,46321,tetap,1:1,success,https://oss.go.id/id/kbli/konversi/46321?v=2020,
46322,46322,tetap,1:1,success,https://oss.go.id/id/kbli/konversi/46322?v=2020,
46323,46323,tetap,1:1,success,https://oss.go.id/id/kbli/konversi/46323?v=2020,
46324,46324,tetap,1:1,success,https://oss.go.id/id/kbli/konversi/46324?v=2020,
46325,46325,tetap,1:1,success,https://oss.go.id/id/kbli/konversi/46325?v=2020,
46326,46326,tetap,1:1,success,https://oss.go.id/id/kbli/konversi/46326?v=2020,
46327,46327,tetap,1:1,success,https://oss.go.id/id/kbli/konversi/46327?v=2020,
46329,46329,tetap,1:1,success,https://oss.go.id/id/kbli/konversi/46329?v=2020,
46331,46331,tetap,1:1,success,https://oss.go.id/id/kbli/konversi/46331?v=2020,
46332,46332,tetap,1:1,success,https://oss.go.id/id/kbli/konversi/46332?v=2020,
46333,46333,tetap,1:1,success,https://oss.go.id/id/kbli/konversi/46333?v=2020,
46334,46334,tetap,1:1,success,https://oss.go.id/id/kbli/konversi/46334?v=2020,
46335,46335,tetap,1:1,success,https://oss.go.id/id/kbli/konversi/46335?v=2020,
46339,46339,tetap,1:1,success,https://oss.go.id/id/kbli/konversi/46339?v=2020,
46411,46411,tetap,1:1,success,https://oss.go.id/id/kbli/konversi/46411?v=2020,
46412,46412,tetap,1:1,success,https://oss.go.id/id/kbli/konversi/46412?v=2020,
46413,46413,tetap,1:1,success,https://oss.go.id/id/kbli/konversi/46413?v=2020,
46414,46414,tetap,1:1,success,https://oss.go.id/id/kbli/konversi/46414?v=2020,
46419,46414,dipecah,1:N,success,https://oss.go.id/id/kbli/konversi/46419?v=2020,
46419,46415,dipecah,1:N,success,https://oss.go.id/id/kbli/konversi/46419?v=2020,
46421,46451,berubah,1:1,success,https://oss.go.id/id/kbli/konversi/46421?v=2020,
46422,46452,berubah,1:1,success,https://oss.go.id/id/kbli/konversi/46422?v=2020,
46430,46430,tetap,1:1,success,https://oss.go.id/id/kbli/konversi/46430?v=2020,
46441,46441,tetap,1:1,success,https://oss.go.id/id/kbli/konversi/46441?v=2020,
46442,46441,berubah,1:1,success,https://oss.go.id/id/kbli/konversi/46442?v=2020,
46443,46441,berubah,1:1,success,https://oss.go.id/id/kbli/konversi/46443?v=2020,
46444,46442,berubah,1:1,success,https://oss.go.id/id/kbli/konversi/46444?v=2020,
46445,46442,berubah,1:1,success,https://oss.go.id/id/kbli/konversi/46445?v=2020,
46446,46442,berubah,1:1,success,https://oss.go.id/id/kbli/konversi/46446?v=2020,
46447,46441,dipecah,1:N,success,https://oss.go.id/id/kbli/konversi/46447?v=2020,
46447,46442,dipecah,1:N,success,https://oss.go.id/id/kbli/konversi/46447?v=2020,
46448,46441,dipecah,1:N,success,https://oss.go.id/id/kbli/konversi/46448?v=2020,
46448,46442,dipecah,1:N,success,https://oss.go.id/id/kbli/konversi/46448?v=2020,
46491,46420,dipecah,1:N,success,https://oss.go.id/id/kbli/konversi/46491?v=2020,
46492,46492,tetap,1:1,success,https://oss.go.id/id/kbli/konversi/46492?v=2020,
46493,46493,tetap,1:1,success,https://oss.go.id/id/kbli/konversi/46493?v=2020,
46494,46494,tetap,1:1,success,https://oss.go.id/id/kbli/konversi/46494?v=2020,
46495,46495,tetap,1:1,success,https://oss.go.id/id/kbli/konversi/46495?v=2020,
46499,46496,dipecah,1:N,success,https://oss.go.id/id/kbli/konversi/46499?v=2020,
46511,46511,tetap,1:1,success,https://oss.go.id/id/kbli/konversi/46511?v=2020,
46512,46512,tetap,1:1,success,https://oss.go.id/id/kbli/konversi/46512?v=2020,
46521,46521,tetap,1:1,success,https://oss.go.id/id/kbli/konversi/46521?v=2020,
46522,46522,tetap,1:1,success,https://oss.go.id/id/kbli/konversi/46522?v=2020,
46523,46523,tetap,1:1,success,https://oss.go.id/id/kbli/konversi/46523?v=2020,
46530,46530,tetap,1:1,success,https://oss.go.id/id/kbli/konversi/46530?v=2020,
46591,46591,tetap,1:1,success,https://oss.go.id/id/kbli/konversi/46591?v=2020,
46592,46592,tetap,1:1,success,https://oss.go.id/id/kbli/konversi/46592?v=2020,
46593,46593,tetap,1:1,success,https://oss.go.id/id/kbli/konversi/46593?v=2020,
46594,46594,tetap,1:1,success,https://oss.go.id/id/kbli/konversi/46594?v=2020,
46599,46599,tetap,1:1,success,https://oss.go.id/id/kbli/konversi/46599?v=2020,
46610,46710,berubah,1:1,success,https://oss.go.id/id/kbli/konversi/46610?v=2020,
46620,46721,berubah,1:1,success,https://oss.go.id/id/kbli/konversi/46620?v=2020,
46631,46722,dipecah,1:N,success,https://oss.go.id/id/kbli/konversi/46631?v=2020,
46631,46731,dipecah,1:N,success,https://oss.go.id/id/kbli/konversi/46631?v=2020,
46632,46732,berubah,1:1,success,https://oss.go.id/id/kbli/konversi/46632?v=2020,
46633,46733,berubah,1:1,success,https://oss.go.id/id/kbli/konversi/46633?v=2020,200
46634,46734,berubah,1:1,success,https://oss.go.id/id/kbli/konversi/46634?v=2020,
46635,46735,berubah,1:1,success,https://oss.go.id/id/kbli/konversi/46635?v=2020,200
46636,46736,berubah,1:1,success,https://oss.go.id/id/kbli/konversi/46636?v=2020,200
46637,46737,berubah,1:1,success,https://oss.go.id/id/kbli/konversi/46637?v=2020,
46638,46738,berubah,1:1,success,https://oss.go.id/id/kbli/konversi/46638?v=2020,
46639,46739,berubah,1:1,success,https://oss.go.id/id/kbli/konversi/46639?v=2020,200
46641,46741,berubah,1:1,success,https://oss.go.id/id/kbli/konversi/46641?v=2020,200
46642,46742,berubah,1:1,success,https://oss.go.id/id/kbli/konversi/46642?v=2020,
46643,46743,berubah,1:1,success,https://oss.go.id/id/kbli/konversi/46643?v=2020,
46651,46751,berubah,1:1,success,https://oss.go.id/id/kbli/konversi/46651?v=2020,200
46652,46752,berubah,1:1,success,https://oss.go.id/id/kbli/konversi/46652?v=2020,200
46653,,,,not_found,https://oss.go.id/id/kbli/konversi/46653?v=2020,200
46654,46753,berubah,1:1,success,https://oss.go.id/id/kbli/konversi/46654?v=2020,200
46691,46791,berubah,1:1,success,https://oss.go.id/id/kbli/konversi/46691?v=2020,
46692,46792,berubah,1:1,success,https://oss.go.id/id/kbli/konversi/46692?v=2020,200
46693,46793,berubah,1:1,success,https://oss.go.id/id/kbli/konversi/46693?v=2020,200
46694,46794,berubah,1:1,success,https://oss.go.id/id/kbli/konversi/46694?v=2020,
46695,46795,berubah,1:1,success,https://oss.go.id/id/kbli/konversi/46695?v=2020,
46696,46796,berubah,1:1,success,https://oss.go.id/id/kbli/konversi/46696?v=2020,200
46699,46799,berubah,1:1,success,https://oss.go.id/id/kbli/konversi/46699?v=2020,200
46900,46901,dipecah,1:N,success,https://oss.go.id/id/kbli/konversi/46900?v=2020,200
46900,46902,dipecah,1:N,success,https://oss.go.id/id/kbli/konversi/46900?v=2020,200
47111,47111,tetap,1:1,success,https://oss.go.id/id/kbli/konversi/47111?v=2020,200
47112,47112,tetap,1:1,success,https://oss.go.id/id/kbli/konversi/47112?v=2020,200
47191,47191,tetap,1:1,success,https://oss.go.id/id/kbli/konversi/47191?v=2020,
47192,47192,tetap,1:1,success,https://oss.go.id/id/kbli/konversi/47192?v=2020,
47211,47211,tetap,1:1,success,https://oss.go.id/id/kbli/konversi/47211?v=2020,
47212,47212,tetap,1:1,success,https://oss.go.id/id/kbli/konversi/47212?v=2020,200
47213,47213,tetap,1:1,success,https://oss.go.id/id/kbli/konversi/47213?v=2020,200
47214,47214,tetap,1:1,success,https://oss.go.id/id/kbli/konversi/47214?v=2020,200
47215,47215,tetap,1:1,success,https://oss.go.id/id/kbli/konversi/47215?v=2020,
47216,47216,tetap,1:1,success,https://oss.go.id/id/kbli/konversi/47216?v=2020,
47219,47219,tetap,1:1,success,https://oss.go.id/id/kbli/konversi/47219?v=2020,
47221,47221,tetap,1:1,success,https://oss.go.id/id/kbli/konversi/47221?v=2020,
47222,47222,tetap,1:1,success,https://oss.go.id/id/kbli/konversi/47222?v=2020,
47230,47230,tetap,1:1,success,https://oss.go.id/id/kbli/konversi/47230?v=2020,
47241,47241,tetap,1:1,success,https://oss.go.id/id/kbli/konversi/47241?v=2020,200
47242,47242,tetap,1:1,success,https://oss.go.id/id/kbli/konversi/47242?v=2020,
47243,47243,tetap,1:1,success,https://oss.go.id/id/kbli/konversi/47243?v=2020,
47244,47244,tetap,1:1,success,https://oss.go.id/id/kbli/konversi/47244?v=2020,
47245,47246,dipecah,1:N,success,https://oss.go.id/id/kbli/konversi/47245?v=2020,
47249,47249,tetap,1:1,success,https://oss.go.id/id/kbli/konversi/47249?v=2020,
47301,47301,tetap,1:1,success,https://oss.go.id/id/kbli/konversi/47301?v=2020,
47302,47302,tetap,1:1,success,https://oss.go.id/id/kbli/konversi/47302?v=2020,
47303,47303,tetap,1:1,success,https://oss.go.id/id/kbli/konversi/47303?v=2020,
47411,47401,berubah,1:1,success,https://oss.go.id/id/kbli/konversi/47411?v=2020,
47412,47402,berubah,1:1,success,https://oss.go.id/id/kbli/konversi/47412?v=2020,
47413,47403,berubah,1:1,success,https://oss.go.id/id/kbli/konversi/47413?v=2020,
47414,47404,berubah,1:1,success,https://oss.go.id/id/kbli/konversi/47414?v=2020,
47415,47405,berubah,1:1,success,https://oss.go.id/id/kbli/konversi/47415?v=2020,
47420,47406,berubah,1:1,success,https://oss.go.id/id/kbli/konversi/47420?v=2020,
47511,47511,tetap,1:1,success,https://oss.go.id/id/kbli/konversi/47511?v=2020,
47512,47512,tetap,1:1,success,https://oss.go.id/id/kbli/konversi/47512?v=2020,
47513,47513,tetap,1:1,success,https://oss.go.id/id/kbli/konversi/47513?v=2020,
47521,47521,tetap,1:1,success,https://oss.go.id/id/kbli/konversi/47521?v=2020,
47522,47522,tetap,1:1,success,https://oss.go.id/id/kbli/konversi/47522?v=2020,
47523,47521,berubah,1:1,success,https://oss.go.id/id/kbli/konversi/47523?v=2020,
47524,47521,berubah,1:1,success,https://oss.go.id/id/kbli/konversi/47524?v=2020,
47525,47521,berubah,1:1,success,https://oss.go.id/id/kbli/konversi/47525?v=2020,
47526,47521,berubah,1:1,success,https://oss.go.id/id/kbli/konversi/47526?v=2020,
47527,47525,berubah,1:1,success,https://oss.go.id/id/kbli/konversi/47527?v=2020,
47528,47521,dipecah,1:N,success,https://oss.go.id/id/kbli/konversi/47528?v=2020,
47528,47523,dipecah,1:N,success,https://oss.go.id/id/kbli/konversi/47528?v=2020,
47529,47523,dipecah,1:N,success,https://oss.go.id/id/kbli/konversi/47529?v=2020,
47529,47524,dipecah,1:N,success,https://oss.go.id/id/kbli/konversi/47529?v=2020,
47529,47526,dipecah,1:N,success,https://oss.go.id/id/kbli/konversi/47529?v=2020,
47530,47530,tetap,1:1,success,https://oss.go.id/id/kbli/konversi/47530?v=2020,
47591,47591,tetap,1:1,success,https://oss.go.id/id/kbli/konversi/47591?v=2020,
47592,47592,tetap,1:1,success,https://oss.go.id/id/kbli/konversi/47592?v=2020,
47593,47593,tetap,1:1,success,https://oss.go.id/id/kbli/konversi/47593?v=2020,
47594,47593,berubah,1:1,success,https://oss.go.id/id/kbli/konversi/47594?v=2020,
47595,47593,berubah,1:1,success,https://oss.go.id/id/kbli/konversi/47595?v=2020,
47596,47593,berubah,1:1,success,https://oss.go.id/id/kbli/konversi/47596?v=2020,
47597,47594,berubah,1:1,success,https://oss.go.id/id/kbli/konversi/47597?v=2020,
47599,47599,tetap,1:1,success,https://oss.go.id/id/kbli/konversi/47599?v=2020,
47611,47611,tetap,1:1,success,https://oss.go.id/id/kbli/konversi/47611?v=2020,
47612,47612,tetap,1:1,success,https://oss.go.id/id/kbli/konversi/47612?v=2020,
47620,47690,berubah,1:1,success,https://oss.go.id/id/kbli/konversi/47620?v=2020,
47630,47620,berubah,1:1,success,https://oss.go.id/id/kbli/konversi/47630?v=2020,
47640,47630,berubah,1:1,success,https://oss.go.id/id/kbli/konversi/47640?v=2020,
47650,47613,berubah,1:1,success,https://oss.go.id/id/kbli/konversi/47650?v=2020,
47711,47711,tetap,1:1,success,https://oss.go.id/id/kbli/konversi/47711?v=2020,
47712,47712,tetap,1:1,success,https://oss.go.id/id/kbli/konversi/47712?v=2020,
47713,47713,tetap,1:1,success,https://oss.go.id/id/kbli/konversi/47713?v=2020,
47714,47714,tetap,1:1,success,https://oss.go.id/id/kbli/konversi/47714?v=2020,
47721,47721,tetap,1:1,success,https://oss.go.id/id/kbli/konversi/47721?v=2020,
47722,47722,tetap,1:1,success,https://oss.go.id/id/kbli/konversi/47722?v=2020,
47723,47723,tetap,1:1,success,https://oss.go.id/id/kbli/konversi/47723?v=2020,
47724,47724,tetap,1:1,success,https://oss.go.id/id/kbli/konversi/47724?v=2020,
47725,47725,tetap,1:1,success,https://oss.go.id/id/kbli/konversi/47725?v=2020,
47726,47726,tetap,1:1,success,https://oss.go.id/id/kbli/konversi/47726?v=2020,
47727,47727,tetap,1:1,success,https://oss.go.id/id/kbli/konversi/47727?v=2020,
47728,47728,tetap,1:1,success,https://oss.go.id/id/kbli/konversi/47728?v=2020,
47729,47729,tetap,1:1,success,https://oss.go.id/id/kbli/konversi/47729?v=2020,
47731,47731,tetap,1:1,success,https://oss.go.id/id/kbli/konversi/47731?v=2020,
47732,47732,tetap,1:1,success,https://oss.go.id/id/kbli/konversi/47732?v=2020,
47733,47733,tetap,1:1,success,https://oss.go.id/id/kbli/konversi/47733?v=2020,
47734,47734,tetap,1:1,success,https://oss.go.id/id/kbli/konversi/47734?v=2020,
47735,47735,tetap,1:1,success,https://oss.go.id/id/kbli/konversi/47735?v=2020,
47736,47795,berubah,1:1,success,https://oss.go.id/id/kbli/konversi/47736?v=2020,
47737,47796,berubah,1:1,success,https://oss.go.id/id/kbli/konversi/47737?v=2020,
47739,47799,berubah,1:1,success,https://oss.go.id/id/kbli/konversi/47739?v=2020,
47741,47741,tetap,1:1,success,https://oss.go.id/id/kbli/konversi/47741?v=2020,
47742,47742,tetap,1:1,success,https://oss.go.id/id/kbli/konversi/47742?v=2020,
47743,47743,tetap,1:1,success,https://oss.go.id/id/kbli/konversi/47743?v=2020,
47744,47744,tetap,1:1,success,https://oss.go.id/id/kbli/konversi/47744?v=2020,
47745,47745,tetap,1:1,success,https://oss.go.id/id/kbli/konversi/47745?v=2020,
47746,47746,tetap,1:1,success,https://oss.go.id/id/kbli/konversi/47746?v=2020,
47749,47749,tetap,1:1,success,https://oss.go.id/id/kbli/konversi/47749?v=2020,
47751,47751,tetap,1:1,success,https://oss.go.id/id/kbli/konversi/47751?v=2020,
47752,47752,tetap,1:1,success,https://oss.go.id/id/kbli/konversi/47752?v=2020,
47753,47753,tetap,1:1,success,https://oss.go.id/id/kbli/konversi/47753?v=2020,
47754,47754,tetap,1:1,success,https://oss.go.id/id/kbli/konversi/47754?v=2020,
47761,47761,tetap,1:1,success,https://oss.go.id/id/kbli/konversi/47761?v=2020,200
47762,47765,dipecah,1:N,success,https://oss.go.id/id/kbli/konversi/47762?v=2020,
47763,47763,tetap,1:1,success,https://oss.go.id/id/kbli/konversi/47763?v=2020,
47764,47764,tetap,1:1,success,https://oss.go.id/id/kbli/konversi/47764?v=2020,
47771,,,,not_found,https://oss.go.id/id/kbli/konversi/47771?v=2020,
47772,47772,tetap,1:1,success,https://oss.go.id/id/kbli/konversi/47772?v=2020,
47773,47773,tetap,1:1,success,https://oss.go.id/id/kbli/konversi/47773?v=2020,
47774,47774,tetap,1:1,success,https://oss.go.id/id/kbli/konversi/47774?v=2020,
47779,,,,not_found,https://oss.go.id/id/kbli/konversi/47779?v=2020,
47781,47781,tetap,1:1,success,https://oss.go.id/id/kbli/konversi/47781?v=2020,
47782,47781,berubah,1:1,success,https://oss.go.id/id/kbli/konversi/47782?v=2020,
47783,47781,berubah,1:1,success,https://oss.go.id/id/kbli/konversi/47783?v=2020,
47784,47781,berubah,1:1,success,https://oss.go.id/id/kbli/konversi/47784?v=2020,
47785,47782,berubah,1:1,success,https://oss.go.id/id/kbli/konversi/47785?v=2020,
47789,47781,dipecah,1:N,success,https://oss.go.id/id/kbli/konversi/47789?v=2020,
47789,47782,dipecah,1:N,success,https://oss.go.id/id/kbli/konversi/47789?v=2020,
47791,47791,tetap,1:1,success,https://oss.go.id/id/kbli/konversi/47791?v=2020,
47792,47791,berubah,1:1,success,https://oss.go.id/id/kbli/konversi/47792?v=2020,
47793,47791,berubah,1:1,success,https://oss.go.id/id/kbli/konversi/47793?v=2020,
47794,47792,berubah,1:1,success,https://oss.go.id/id/kbli/konversi/47794?v=2020,
47795,47793,berubah,1:1,success,https://oss.go.id/id/kbli/konversi/47795?v=2020,
47796,47794,berubah,1:1,success,https://oss.go.id/id/kbli/konversi/47796?v=2020,
47797,47523,berubah,1:1,success,https://oss.go.id/id/kbli/konversi/47797?v=2020,
47811,47211,berubah,1:1,success,https://oss.go.id/id/kbli/konversi/47811?v=2020,
47812,47212,berubah,1:1,success,https://oss.go.id/id/kbli/konversi/47812?v=2020,
47813,47213,berubah,1:1,success,https://oss.go.id/id/kbli/konversi/47813?v=2020,
47814,47214,berubah,1:1,success,https://oss.go.id/id/kbli/konversi/47814?v=2020,
47815,,,,not_found,https://oss.go.id/id/kbli/konversi/47815?v=2020,
47816,47216,berubah,1:1,success,https://oss.go.id/id/kbli/konversi/47816?v=2020,
47819,47219,berubah,1:1,success,https://oss.go.id/id/kbli/konversi/47819?v=2020,
47821,47241,berubah,1:1,success,https://oss.go.id/id/kbli/konversi/47821?v=2020,
47822,47242,berubah,1:1,success,https://oss.go.id/id/kbli/konversi/47822?v=2020,
47823,47243,berubah,1:1,success,https://oss.go.id/id/kbli/konversi/47823?v=2020,
47824,47244,berubah,1:1,success,https://oss.go.id/id/kbli/konversi/47824?v=2020,
47825,47245,dipecah,1:N,success,https://oss.go.id/id/kbli/konversi/47825?v=2020,
47825,47246,dipecah,1:N,success,https://oss.go.id/id/kbli/konversi/47825?v=2020,
47826,47222,berubah,1:1,success,https://oss.go.id/id/kbli/konversi/47826?v=2020,
47827,47230,berubah,1:1,success,https://oss.go.id/id/kbli/konversi/47827?v=2020,
47828,47754,berubah,1:1,success,https://oss.go.id/id/kbli/konversi/47828?v=2020,
47829,47249,berubah,1:1,success,https://oss.go.id/id/kbli/konversi/47829?v=2020,
47831,47511,berubah,1:1,success,https://oss.go.id/id/kbli/konversi/47831?v=2020,
47832,47711,berubah,1:1,success,https://oss.go.id/id/kbli/konversi/47832?v=2020,
47833,47712,berubah,1:1,success,https://oss.go.id/id/kbli/konversi/47833?v=2020,
47834,47713,berubah,1:1,success,https://oss.go.id/id/kbli/konversi/47834?v=2020,
47841,47773,berubah,1:1,success,https://oss.go.id/id/kbli/konversi/47841?v=2020,
47842,47722,berubah,1:1,success,https://oss.go.id/id/kbli/konversi/47842?v=2020,
47843,47723,berubah,1:1,success,https://oss.go.id/id/kbli/konversi/47843?v=2020,
47844,47724,berubah,1:1,success,https://oss.go.id/id/kbli/konversi/47844?v=2020,
47845,47763,berubah,1:1,success,https://oss.go.id/id/kbli/konversi/47845?v=2020,
47846,47774,berubah,1:1,success,https://oss.go.id/id/kbli/konversi/47846?v=2020,
47849,,,,not_found,https://oss.go.id/id/kbli/konversi/47849?v=2020,
47851,47733,berubah,1:1,success,https://oss.go.id/id/kbli/konversi/47851?v=2020,
47852,47735,berubah,1:1,success,https://oss.go.id/id/kbli/konversi/47852?v=2020,
47853,47734,berubah,1:1,success,https://oss.go.id/id/kbli/konversi/47853?v=2020,
47854,47714,berubah,1:1,success,https://oss.go.id/id/kbli/konversi/47854?v=2020,
47855,47795,berubah,1:1,success,https://oss.go.id/id/kbli/konversi/47855?v=2020,
47859,47799,berubah,1:1,success,https://oss.go.id/id/kbli/konversi/47859?v=2020,
47861,47406,berubah,1:1,success,https://oss.go.id/id/kbli/konversi/47861?v=2020,
47862,47592,berubah,1:1,success,https://oss.go.id/id/kbli/konversi/47862?v=2020,
47863,47593,berubah,1:1,success,https://oss.go.id/id/kbli/konversi/47863?v=2020,
47864,47593,berubah,1:1,success,https://oss.go.id/id/kbli/konversi/47864?v=2020,
47865,47593,berubah,1:1,success,https://oss.go.id/id/kbli/konversi/47865?v=2020,
47866,47593,berubah,1:1,success,https://oss.go.id/id/kbli/konversi/47866?v=2020,
47867,47599,berubah,1:1,success,https://oss.go.id/id/kbli/konversi/47867?v=2020,
47869,47512,dipecah,1:N,success,https://oss.go.id/id/kbli/konversi/47869?v=2020,
47869,47530,dipecah,1:N,success,https://oss.go.id/id/kbli/konversi/47869?v=2020,
47869,47599,dipecah,1:N,success,https://oss.go.id/id/kbli/konversi/47869?v=2020,
47871,47613,berubah,1:1,success,https://oss.go.id/id/kbli/konversi/47871?v=2020,
47872,47611,berubah,1:1,success,https://oss.go.id/id/kbli/konversi/47872?v=2020,
47873,47612,berubah,1:1,success,https://oss.go.id/id/kbli/konversi/47873?v=2020,
47874,47594,dipecah,1:N,success,https://oss.go.id/id/kbli/konversi/47874?v=2020,
47874,47620,dipecah,1:N,success,https://oss.go.id/id/kbli/konversi/47874?v=2020,
47875,47731,dipecah,1:N,success,https://oss.go.id/id/kbli/konversi/47875?v=2020,
47875,47732,dipecah,1:N,success,https://oss.go.id/id/kbli/konversi/47875?v=2020,
47876,47401,dipecah,1:N,success,https://oss.go.id/id/kbli/konversi/47876?v=2020,
47876,47405,dipecah,1:N,success,https://oss.go.id/id/kbli/konversi/47876?v=2020,
47877,47404,berubah,1:1,success,https://oss.go.id/id/kbli/konversi/47877?v=2020,
47879,47799,berubah,1:1,success,https://oss.go.id/id/kbli/konversi/47879?v=2020,
47881,47781,berubah,1:1,success,https://oss.go.id/id/kbli/konversi/47881?v=2020,
47882,47630,berubah,1:1,success,https://oss.go.id/id/kbli/konversi/47882?v=2020,
47883,47782,berubah,1:1,success,https://oss.go.id/id/kbli/konversi/47883?v=2020,
47891,47751,dipecah,1:N,success,https://oss.go.id/id/kbli/konversi/47891?v=2020,
47891,47752,dipecah,1:N,success,https://oss.go.id/id/kbli/konversi/47891?v=2020,
47891,47753,dipecah,1:N,success,https://oss.go.id/id/kbli/konversi/47891?v=2020,
47891,47754,dipecah,1:N,success,https://oss.go.id/id/kbli/konversi/47891?v=2020,
47892,,,,not_found,https://oss.go.id/id/kbli/konversi/47892?v=2020,
47893,47746,berubah,1:1,success,https://oss.go.id/id/kbli/konversi/47893?v=2020,
47894,47741,berubah,1:1,success,https://oss.go.id/id/kbli/konversi/47894?v=2020,
47895,47742,berubah,1:1,success,https://oss.go.id/id/kbli/konversi/47895?v=2020,
47896,47744,berubah,1:1,success,https://oss.go.id/id/kbli/konversi/47896?v=2020,
47897,47741,dipecah,1:N,success,https://oss.go.id/id/kbli/konversi/47897?v=2020,
47897,47742,dipecah,1:N,success,https://oss.go.id/id/kbli/konversi/47897?v=2020,
47897,47743,dipecah,1:N,success,https://oss.go.id/id/kbli/konversi/47897?v=2020,
47897,47744,dipecah,1:N,success,https://oss.go.id/id/kbli/konversi/47897?v=2020,
47897,47745,dipecah,1:N,success,https://oss.go.id/id/kbli/konversi/47897?v=2020,
47897,47746,dipecah,1:N,success,https://oss.go.id/id/kbli/konversi/47897?v=2020,
47897,47749,dipecah,1:N,success,https://oss.go.id/id/kbli/konversi/47897?v=2020,
47899,47749,dipecah,1:N,success,https://oss.go.id/id/kbli/konversi/47899?v=2020,
47899,47799,dipecah,1:N,success,https://oss.go.id/id/kbli/konversi/47899?v=2020,
47911,47222,dipecah,1:N,success,https://oss.go.id/id/kbli/konversi/47911?v=2020,
47911,47230,dipecah,1:N,success,https://oss.go.id/id/kbli/konversi/47911?v=2020,
47911,47241,dipecah,1:N,success,https://oss.go.id/id/kbli/konversi/47911?v=2020,
47911,47242,dipecah,1:N,success,https://oss.go.id/id/kbli/konversi/47911?v=2020,
47911,47243,dipecah,1:N,success,https://oss.go.id/id/kbli/konversi/47911?v=2020,
47911,47244,dipecah,1:N,success,https://oss.go.id/id/kbli/konversi/47911?v=2020,
47911,47245,dipecah,1:N,success,https://oss.go.id/id/kbli/konversi/47911?v=2020,
47911,47246,dipecah,1:N,success,https://oss.go.id/id/kbli/konversi/47911?v=2020,
47911,47249,dipecah,1:N,success,https://oss.go.id/id/kbli/konversi/47911?v=2020,
47911,47773,dipecah,1:N,success,https://oss.go.id/id/kbli/konversi/47911?v=2020,
47911,47774,dipecah,1:N,success,https://oss.go.id/id/kbli/konversi/47911?v=2020,
47911,47779,dipecah,1:N,success,https://oss.go.id/id/kbli/konversi/47911?v=2020,
47912,47511,dipecah,1:N,success,https://oss.go.id/id/kbli/konversi/47912?v=2020,
47912,47512,dipecah,1:N,success,https://oss.go.id/id/kbli/konversi/47912?v=2020,
47912,47513,dipecah,1:N,success,https://oss.go.id/id/kbli/konversi/47912?v=2020,
47912,47530,dipecah,1:N,success,https://oss.go.id/id/kbli/konversi/47912?v=2020,
47912,47711,dipecah,1:N,success,https://oss.go.id/id/kbli/konversi/47912?v=2020,
47912,47712,dipecah,1:N,success,https://oss.go.id/id/kbli/konversi/47912?v=2020,
47912,47713,dipecah,1:N,success,https://oss.go.id/id/kbli/konversi/47912?v=2020,
47912,47714,dipecah,1:N,success,https://oss.go.id/id/kbli/konversi/47912?v=2020,
47913,47591,dipecah,1:N,success,https://oss.go.id/id/kbli/konversi/47913?v=2020,
47913,47592,dipecah,1:N,success,https://oss.go.id/id/kbli/konversi/47913?v=2020,
47913,47593,dipecah,1:N,success,https://oss.go.id/id/kbli/konversi/47913?v=2020,
47913,47594,dipecah,1:N,success,https://oss.go.id/id/kbli/konversi/47913?v=2020,
47913,47599,dipecah,1:N,success,https://oss.go.id/id/kbli/konversi/47913?v=2020,
47914,47112,dipecah,1:N,success,https://oss.go.id/id/kbli/konversi/47914?v=2020,
47914,47192,dipecah,1:N,success,https://oss.go.id/id/kbli/konversi/47914?v=2020,
47919,47192,dipecah,1:N,success,https://oss.go.id/id/kbli/konversi/47919?v=2020,
47919,47211,dipecah,1:N,success,https://oss.go.id/id/kbli/konversi/47919?v=2020,
47919,47212,dipecah,1:N,success,https://oss.go.id/id/kbli/konversi/47919?v=2020,
47919,47213,dipecah,1:N,success,https://oss.go.id/id/kbli/konversi/47919?v=2020,
47919,47214,dipecah,1:N,success,https://oss.go.id/id/kbli/konversi/47919?v=2020,
47919,47216,dipecah,1:N,success,https://oss.go.id/id/kbli/konversi/47919?v=2020,
47919,47219,dipecah,1:N,success,https://oss.go.id/id/kbli/konversi/47919?v=2020,
47919,47303,dipecah,1:N,success,https://oss.go.id/id/kbli/konversi/47919?v=2020,
47919,47401,dipecah,1:N,success,https://oss.go.id/id/kbli/konversi/47919?v=2020,
47919,47402,dipecah,1:N,success,https://oss.go.id/id/kbli/konversi/47919?v=2020,
47919,47403,dipecah,1:N,success,https://oss.go.id/id/kbli/konversi/47919?v=2020,
47919,47404,dipecah,1:N,success,https://oss.go.id/id/kbli/konversi/47919?v=2020,
47919,47405,dipecah,1:N,success,https://oss.go.id/id/kbli/konversi/47919?v=2020,
47919,47406,dipecah,1:N,success,https://oss.go.id/id/kbli/konversi/47919?v=2020,
47919,47521,dipecah,1:N,success,https://oss.go.id/id/kbli/konversi/47919?v=2020,
47919,47522,dipecah,1:N,success,https://oss.go.id/id/kbli/konversi/47919?v=2020,
47919,47523,dipecah,1:N,success,https://oss.go.id/id/kbli/konversi/47919?v=2020,
47919,47524,dipecah,1:N,success,https://oss.go.id/id/kbli/konversi/47919?v=2020,
47919,47525,dipecah,1:N,success,https://oss.go.id/id/kbli/konversi/47919?v=2020,
47919,47526,dipecah,1:N,success,https://oss.go.id/id/kbli/konversi/47919?v=2020,
47919,47594,dipecah,1:N,success,https://oss.go.id/id/kbli/konversi/47919?v=2020,
47919,47611,dipecah,1:N,success,https://oss.go.id/id/kbli/konversi/47919?v=2020,
47919,47612,dipecah,1:N,success,https://oss.go.id/id/kbli/konversi/47919?v=2020,
47919,47613,dipecah,1:N,success,https://oss.go.id/id/kbli/konversi/47919?v=2020,
47919,47620,dipecah,1:N,success,https://oss.go.id/id/kbli/konversi/47919?v=2020,
47919,47630,dipecah,1:N,success,https://oss.go.id/id/kbli/konversi/47919?v=2020,
47919,47690,dipecah,1:N,success,https://oss.go.id/id/kbli/konversi/47919?v=2020,
47919,47731,dipecah,1:N,success,https://oss.go.id/id/kbli/konversi/47919?v=2020,
47919,47732,dipecah,1:N,success,https://oss.go.id/id/kbli/konversi/47919?v=2020,
47919,47733,dipecah,1:N,success,https://oss.go.id/id/kbli/konversi/47919?v=2020,
47919,47734,dipecah,1:N,success,https://oss.go.id/id/kbli/konversi/47919?v=2020,
47919,47735,dipecah,1:N,success,https://oss.go.id/id/kbli/konversi/47919?v=2020,
47919,47741,dipecah,1:N,success,https://oss.go.id/id/kbli/konversi/47919?v=2020,
47919,47742,dipecah,1:N,success,https://oss.go.id/id/kbli/konversi/47919?v=2020,
47919,47743,dipecah,1:N,success,https://oss.go.id/id/kbli/konversi/47919?v=2020,
47919,47744,dipecah,1:N,success,https://oss.go.id/id/kbli/konversi/47919?v=2020,
47919,47745,dipecah,1:N,success,https://oss.go.id/id/kbli/konversi/47919?v=2020,
47919,47746,dipecah,1:N,success,https://oss.go.id/id/kbli/konversi/47919?v=2020,
47919,47749,dipecah,1:N,success,https://oss.go.id/id/kbli/konversi/47919?v=2020,
47919,47751,dipecah,1:N,success,https://oss.go.id/id/kbli/konversi/47919?v=2020,
47919,47752,dipecah,1:N,success,https://oss.go.id/id/kbli/konversi/47919?v=2020,
47919,47753,dipecah,1:N,success,https://oss.go.id/id/kbli/konversi/47919?v=2020,
47919,47754,dipecah,1:N,success,https://oss.go.id/id/kbli/konversi/47919?v=2020,
47919,47761,dipecah,1:N,success,https://oss.go.id/id/kbli/konversi/47919?v=2020,
47919,47762,dipecah,1:N,success,https://oss.go.id/id/kbli/konversi/47919?v=2020,
47919,47763,dipecah,1:N,success,https://oss.go.id/id/kbli/konversi/47919?v=2020,
47919,47764,dipecah,1:N,success,https://oss.go.id/id/kbli/konversi/47919?v=2020,
47919,47765,dipecah,1:N,success,https://oss.go.id/id/kbli/konversi/47919?v=2020,
47919,47781,dipecah,1:N,success,https://oss.go.id/id/kbli/konversi/47919?v=2020,
47919,47782,dipecah,1:N,success,https://oss.go.id/id/kbli/konversi/47919?v=2020,
47919,47791,dipecah,1:N,success,https://oss.go.id/id/kbli/konversi/47919?v=2020,
47919,47792,dipecah,1:N,success,https://oss.go.id/id/kbli/konversi/47919?v=2020,
47919,47793,dipecah,1:N,success,https://oss.go.id/id/kbli/konversi/47919?v=2020,
47919,47794,dipecah,1:N,success,https://oss.go.id/id/kbli/konversi/47919?v=2020,
47919,47795,dipecah,1:N,success,https://oss.go.id/id/kbli/konversi/47919?v=2020,
47919,47796,dipecah,1:N,success,https://oss.go.id/id/kbli/konversi/47919?v=2020,
47919,47799,dipecah,1:N,success,https://oss.go.id/id/kbli/konversi/47919?v=2020,
47919,47811,dipecah,1:N,success,https://oss.go.id/id/kbli/konversi/47919?v=2020,
47919,47812,dipecah,1:N,success,https://oss.go.id/id/kbli/konversi/47919?v=2020,
47919,47820,dipecah,1:N,success,https://oss.go.id/id/kbli/konversi/47919?v=2020,
47919,47831,dipecah,1:N,success,https://oss.go.id/id/kbli/konversi/47919?v=2020,
47919,47832,dipecah,1:N,success,https://oss.go.id/id/kbli/konversi/47919?v=2020,
47919,47833,dipecah,1:N,success,https://oss.go.id/id/kbli/konversi/47919?v=2020,
47920,47901,dipecah,1:N,success,https://oss.go.id/id/kbli/konversi/47920?v=2020,
47920,47909,dipecah,1:N,success,https://oss.go.id/id/kbli/konversi/47920?v=2020,
47991,47211,dipecah,1:N,success,https://oss.go.id/id/kbli/konversi/47991?v=2020,
47991,47212,dipecah,1:N,success,https://oss.go.id/id/kbli/konversi/47991?v=2020,
47991,47213,dipecah,1:N,success,https://oss.go.id/id/kbli/konversi/47991?v=2020,
47991,47214,dipecah,1:N,success,https://oss.go.id/id/kbli/konversi/47991?v=2020,
47991,47216,dipecah,1:N,success,https://oss.go.id/id/kbli/konversi/47991?v=2020,
47991,47219,dipecah,1:N,success,https://oss.go.id/id/kbli/konversi/47991?v=2020,
47992,47222,dipecah,1:N,success,https://oss.go.id/id/kbli/konversi/47992?v=2020,
47992,47230,dipecah,1:N,success,https://oss.go.id/id/kbli/konversi/47992?v=2020,
47992,47241,dipecah,1:N,success,https://oss.go.id/id/kbli/konversi/47992?v=2020,
47992,47242,dipecah,1:N,success,https://oss.go.id/id/kbli/konversi/47992?v=2020,
47992,47243,dipecah,1:N,success,https://oss.go.id/id/kbli/konversi/47992?v=2020,
47992,47244,dipecah,1:N,success,https://oss.go.id/id/kbli/konversi/47992?v=2020,
47992,47245,dipecah,1:N,success,https://oss.go.id/id/kbli/konversi/47992?v=2020,
47992,47246,dipecah,1:N,success,https://oss.go.id/id/kbli/konversi/47992?v=2020,
47992,47249,dipecah,1:N,success,https://oss.go.id/id/kbli/konversi/47992?v=2020,
47993,,,,not_found,https://oss.go.id/id/kbli/konversi/47993?v=2020,
47994,47511,dipecah,1:N,success,https://oss.go.id/id/kbli/konversi/47994?v=2020,
47994,47512,dipecah,1:N,success,https://oss.go.id/id/kbli/konversi/47994?v=2020,
47994,47513,dipecah,1:N,success,https://oss.go.id/id/kbli/konversi/47994?v=2020,
47994,47530,dipecah,1:N,success,https://oss.go.id/id/kbli/konversi/47994?v=2020,
47994,47711,dipecah,1:N,success,https://oss.go.id/id/kbli/konversi/47994?v=2020,
47994,47712,dipecah,1:N,success,https://oss.go.id/id/kbli/konversi/47994?v=2020,
47994,47713,dipecah,1:N,success,https://oss.go.id/id/kbli/konversi/47994?v=2020,
47994,47714,dipecah,1:N,success,https://oss.go.id/id/kbli/konversi/47994?v=2020,
47994,47742,dipecah,1:N,success,https://oss.go.id/id/kbli/konversi/47994?v=2020,
47994,47743,dipecah,1:N,success,https://oss.go.id/id/kbli/konversi/47994?v=2020,
47995,47591,dipecah,1:N,success,https://oss.go.id/id/kbli/konversi/47995?v=2020,
47995,47592,dipecah,1:N,success,https://oss.go.id/id/kbli/konversi/47995?v=2020,
47995,47593,dipecah,1:N,success,https://oss.go.id/id/kbli/konversi/47995?v=2020,
47995,47599,dipecah,1:N,success,https://oss.go.id/id/kbli/konversi/47995?v=2020,
47995,47741,dipecah,1:N,success,https://oss.go.id/id/kbli/konversi/47995?v=2020,
47995,47744,dipecah,1:N,success,https://oss.go.id/id/kbli/konversi/47995?v=2020,
47996,,,,not_found,https://oss.go.id/id/kbli/konversi/47996?v=2020,
47997,47401,dipecah,1:N,success,https://oss.go.id/id/kbli/konversi/47997?v=2020,
47997,47594,dipecah,1:N,success,https://oss.go.id/id/kbli/konversi/47997?v=2020,
47997,47611,dipecah,1:N,success,https://oss.go.id/id/kbli/konversi/47997?v=2020,
47997,47612,dipecah,1:N,success,https://oss.go.id/id/kbli/konversi/47997?v=2020,
47997,47613,dipecah,1:N,success,https://oss.go.id/id/kbli/konversi/47997?v=2020,
47997,47620,dipecah,1:N,success,https://oss.go.id/id/kbli/konversi/47997?v=2020,
47997,47731,dipecah,1:N,success,https://oss.go.id/id/kbli/konversi/47997?v=2020,
47998,47630,dipecah,1:N,success,https://oss.go.id/id/kbli/konversi/47998?v=2020,
47998,47690,dipecah,1:N,success,https://oss.go.id/id/kbli/konversi/47998?v=2020,
47998,47746,dipecah,1:N,success,https://oss.go.id/id/kbli/konversi/47998?v=2020,
47998,47749,dipecah,1:N,success,https://oss.go.id/id/kbli/konversi/47998?v=2020,
47998,47781,dipecah,1:N,success,https://oss.go.id/id/kbli/konversi/47998?v=2020,
47998,47782,dipecah,1:N,success,https://oss.go.id/id/kbli/konversi/47998?v=2020,
47999,47402,dipecah,1:N,success,https://oss.go.id/id/kbli/konversi/47999?v=2020,
47999,47403,dipecah,1:N,success,https://oss.go.id/id/kbli/konversi/47999?v=2020,
47999,47404,dipecah,1:N,success,https://oss.go.id/id/kbli/konversi/47999?v=2020,
47999,47521,dipecah,1:N,success,https://oss.go.id/id/kbli/konversi/47999?v=2020,
47999,47522,dipecah,1:N,success,https://oss.go.id/id/kbli/konversi/47999?v=2020,
47999,47523,dipecah,1:N,success,https://oss.go.id/id/kbli/konversi/47999?v=2020,
47999,47524,dipecah,1:N,success,https://oss.go.id/id/kbli/konversi/47999?v=2020,
47999,47525,dipecah,1:N,success,https://oss.go.id/id/kbli/konversi/47999?v=2020,
47999,47526,dipecah,1:N,success,https://oss.go.id/id/kbli/konversi/47999?v=2020,
47999,47732,dipecah,1:N,success,https://oss.go.id/id/kbli/konversi/47999?v=2020,
47999,47733,dipecah,1:N,success,https://oss.go.id/id/kbli/konversi/47999?v=2020,
47999,47734,dipecah,1:N,success,https://oss.go.id/id/kbli/konversi/47999?v=2020,
47999,47735,dipecah,1:N,success,https://oss.go.id/id/kbli/konversi/47999?v=2020,
47999,47745,dipecah,1:N,success,https://oss.go.id/id/kbli/konversi/47999?v=2020,
47999,47751,dipecah,1:N,success,https://oss.go.id/id/kbli/konversi/47999?v=2020,
47999,47752,dipecah,1:N,success,https://oss.go.id/id/kbli/konversi/47999?v=2020,
47999,47753,dipecah,1:N,success,https://oss.go.id/id/kbli/konversi/47999?v=2020,
47999,47754,dipecah,1:N,success,https://oss.go.id/id/kbli/konversi/47999?v=2020,
47999,47761,dipecah,1:N,success,https://oss.go.id/id/kbli/konversi/47999?v=2020,
47999,47762,dipecah,1:N,success,https://oss.go.id/id/kbli/konversi/47999?v=2020,
47999,47763,dipecah,1:N,success,https://oss.go.id/id/kbli/konversi/47999?v=2020,
47999,47764,dipecah,1:N,success,https://oss.go.id/id/kbli/konversi/47999?v=2020,
47999,47765,dipecah,1:N,success,https://oss.go.id/id/kbli/konversi/47999?v=2020,
47999,47773,dipecah,1:N,success,https://oss.go.id/id/kbli/konversi/47999?v=2020,
47999,47774,dipecah,1:N,success,https://oss.go.id/id/kbli/konversi/47999?v=2020,
47999,47779,dipecah,1:N,success,https://oss.go.id/id/kbli/konversi/47999?v=2020,
47999,47791,dipecah,1:N,success,https://oss.go.id/id/kbli/konversi/47999?v=2020,
47999,47792,dipecah,1:N,success,https://oss.go.id/id/kbli/konversi/47999?v=2020,
47999,47793,dipecah,1:N,success,https://oss.go.id/id/kbli/konversi/47999?v=2020,
47999,47794,dipecah,1:N,success,https://oss.go.id/id/kbli/konversi/47999?v=2020,
47999,47795,dipecah,1:N,success,https://oss.go.id/id/kbli/konversi/47999?v=2020,
47999,47796,dipecah,1:N,success,https://oss.go.id/id/kbli/konversi/47999?v=2020,
47999,47799,dipecah,1:N,success,https://oss.go.id/id/kbli/konversi/47999?v=2020,
47999,47820,dipecah,1:N,success,https://oss.go.id/id/kbli/konversi/47999?v=2020,
47999,47833,dipecah,1:N,success,https://oss.go.id/id/kbli/konversi/47999?v=2020,
49110,49111,dipecah,1:N,success,https://oss.go.id/id/kbli/konversi/49110?v=2020,
49110,49119,dipecah,1:N,success,https://oss.go.id/id/kbli/konversi/49110?v=2020,
49110,49211,dipecah,1:N,success,https://oss.go.id/id/kbli/konversi/49110?v=2020,
49110,52212,dipecah,1:N,success,https://oss.go.id/id/kbli/konversi/49110?v=2020,
49120,49120,tetap,1:1,success,https://oss.go.id/id/kbli/konversi/49120?v=2020,
49211,49221,berubah,1:1,success,https://oss.go.id/id/kbli/konversi/49211?v=2020,
49212,49222,berubah,1:1,success,https://oss.go.id/id/kbli/konversi/49212?v=2020,
49213,49222,berubah,1:1,success,https://oss.go.id/id/kbli/konversi/49213?v=2020,
49214,49213,berubah,1:1,success,https://oss.go.id/id/kbli/konversi/49214?v=2020,
49215,49223,berubah,1:1,success,https://oss.go.id/id/kbli/konversi/49215?v=2020,
49216,49294,berubah,1:1,success,https://oss.go.id/id/kbli/konversi/49216?v=2020,
49219,49213,dipecah,1:N,success,https://oss.go.id/id/kbli/konversi/49219?v=2020,
49219,49229,dipecah,1:N,success,https://oss.go.id/id/kbli/konversi/49219?v=2020,
49221,49292,berubah,1:1,success,https://oss.go.id/id/kbli/konversi/49221?v=2020,
49229,49295,dipecah,1:N,success,https://oss.go.id/id/kbli/konversi/49229?v=2020,
49229,49299,dipecah,1:N,success,https://oss.go.id/id/kbli/konversi/49229?v=2020,
49300,49300,tetap,1:1,success,https://oss.go.id/id/kbli/konversi/49300?v=2020,
49411,49222,berubah,1:1,success,https://oss.go.id/id/kbli/konversi/49411?v=2020,
49412,49222,berubah,1:1,success,https://oss.go.id/id/kbli/konversi/49412?v=2020,
49413,49213,berubah,1:1,success,https://oss.go.id/id/kbli/konversi/49413?v=2020,
49414,49214,berubah,1:1,success,https://oss.go.id/id/kbli/konversi/49414?v=2020,
49415,49294,berubah,1:1,success,https://oss.go.id/id/kbli/konversi/49415?v=2020,
49419,49219,dipecah,1:N,success,https://oss.go.id/id/kbli/konversi/49419?v=2020,
49419,49229,dipecah,1:N,success,https://oss.go.id/id/kbli/konversi/49419?v=2020,
49421,49293,berubah,1:1,success,https://oss.go.id/id/kbli/konversi/49421?v=2020,
49422,49295,berubah,1:1,success,https://oss.go.id/id/kbli/konversi/49422?v=2020,
49423,49297,berubah,1:1,success,https://oss.go.id/id/kbli/konversi/49423?v=2020,
49424,,,,not_found,https://oss.go.id/id/kbli/konversi/49424?v=2020,
49425,49292,berubah,1:1,success,https://oss.go.id/id/kbli/konversi/49425?v=2020,
49426,49295,berubah,1:1,success,https://oss.go.id/id/kbli/konversi/49426?v=2020,
49429,49294,berubah,1:1,success,https://oss.go.id/id/kbli/konversi/49429?v=2020,
49431,49231,berubah,1:1,success,https://oss.go.id/id/kbli/konversi/49431?v=2020,
49432,49232,berubah,1:1,success,https://oss.go.id/id/kbli/konversi/49432?v=2020,
49433,,,,not_found,https://oss.go.id/id/kbli/konversi/49433?v=2020,
49441,49212,berubah,1:1,success,https://oss.go.id/id/kbli/konversi/49441?v=2020,
49442,,,,not_found,https://oss.go.id/id/kbli/konversi/49442?v=2020,
49450,49291,berubah,1:1,success,https://oss.go.id/id/kbli/konversi/49450?v=2020,
50111,50111,tetap,1:1,success,https://oss.go.id/id/kbli/konversi/50111?v=2020,
50112,52227,berubah,1:1,success,https://oss.go.id/id/kbli/konversi/50112?v=2020,
50113,50113,tetap,1:1,success,https://oss.go.id/id/kbli/konversi/50113?v=2020,
50114,50112,berubah,1:1,success,https://oss.go.id/id/kbli/konversi/50114?v=2020,
50121,50114,berubah,1:1,success,https://oss.go.id/id/kbli/konversi/50121?v=2020,
50122,50115,berubah,1:1,success,https://oss.go.id/id/kbli/konversi/50122?v=2020,
50131,50121,berubah,1:1,success,https://oss.go.id/id/kbli/konversi/50131?v=2020,
50132,52227,berubah,1:1,success,https://oss.go.id/id/kbli/konversi/50132?v=2020,
50133,50122,berubah,1:1,success,https://oss.go.id/id/kbli/konversi/50133?v=2020,
50134,50123,berubah,1:1,success,https://oss.go.id/id/kbli/konversi/50134?v=2020,
50135,50124,berubah,1:1,success,https://oss.go.id/id/kbli/konversi/50135?v=2020,
50141,50125,berubah,1:1,success,https://oss.go.id/id/kbli/konversi/50141?v=2020,
50142,50126,berubah,1:1,success,https://oss.go.id/id/kbli/konversi/50142?v=2020,
50143,50127,berubah,1:1,success,https://oss.go.id/id/kbli/konversi/50143?v=2020,
50211,50211,tetap,1:1,success,https://oss.go.id/id/kbli/konversi/50211?v=2020,
50212,50212,tetap,1:1,success,https://oss.go.id/id/kbli/konversi/50212?v=2020,
50213,50213,tetap,1:1,success,https://oss.go.id/id/kbli/konversi/50213?v=2020,
50214,50131,berubah,1:1,success,https://oss.go.id/id/kbli/konversi/50214?v=2020,
50215,50134,berubah,1:1,success,https://oss.go.id/id/kbli/konversi/50215?v=2020,
50216,50132,berubah,1:1,success,https://oss.go.id/id/kbli/konversi/50216?v=2020,
50217,50135,berubah,1:1,success,https://oss.go.id/id/kbli/konversi/50217?v=2020,
50218,50133,berubah,1:1,success,https://oss.go.id/id/kbli/konversi/50218?v=2020,
50219,50139,berubah,1:1,success,https://oss.go.id/id/kbli/konversi/50219?v=2020,
50221,50221,tetap,1:1,success,https://oss.go.id/id/kbli/konversi/50221?v=2020,
50222,50222,tetap,1:1,success,https://oss.go.id/id/kbli/konversi/50222?v=2020,
50223,50223,tetap,1:1,success,https://oss.go.id/id/kbli/konversi/50223?v=2020,
50224,50141,berubah,1:1,success,https://oss.go.id/id/kbli/konversi/50224?v=2020,
50225,50144,berubah,1:1,success,https://oss.go.id/id/kbli/konversi/50225?v=2020,
50226,50142,berubah,1:1,success,https://oss.go.id/id/kbli/konversi/50226?v=2020,
50227,50145,berubah,1:1,success,https://oss.go.id/id/kbli/konversi/50227?v=2020,
50228,50143,berubah,1:1,success,https://oss.go.id/id/kbli/konversi/50228?v=2020,
50229,50149,berubah,1:1,success,https://oss.go.id/id/kbli/konversi/50229?v=2020,
51101,51101,tetap,1:1,success,https://oss.go.id/id/kbli/konversi/51101?v=2020,
51102,51102,tetap,1:1,success,https://oss.go.id/id/kbli/konversi/51102?v=2020,
51103,51101,berubah,1:1,success,https://oss.go.id/id/kbli/konversi/51103?v=2020,
51104,51102,berubah,1:1,success,https://oss.go.id/id/kbli/konversi/51104?v=2020,
51105,51102,dipecah,1:N,success,https://oss.go.id/id/kbli/konversi/51105?v=2020,
51105,51202,dipecah,1:N,success,https://oss.go.id/id/kbli/konversi/51105?v=2020,
51106,,,,not_found,https://oss.go.id/id/kbli/konversi/51106?v=2020,
51107,,,,not_found,https://oss.go.id/id/kbli/konversi/51107?v=2020,
51108,,,,not_found,https://oss.go.id/id/kbli/konversi/51108?v=2020,
51109,,,,not_found,https://oss.go.id/id/kbli/konversi/51109?v=2020,
51201,51201,tetap,1:1,success,https://oss.go.id/id/kbli/konversi/51201?v=2020,
51202,51202,tetap,1:1,success,https://oss.go.id/id/kbli/konversi/51202?v=2020,
51203,51201,berubah,1:1,success,https://oss.go.id/id/kbli/konversi/51203?v=2020,
51204,51202,berubah,1:1,success,https://oss.go.id/id/kbli/konversi/51204?v=2020,
52101,52109,berubah,1:1,success,https://oss.go.id/id/kbli/konversi/52101?v=2020,
52102,52102,tetap,1:1,success,https://oss.go.id/id/kbli/konversi/52102?v=2020,
52103,,,,not_found,https://oss.go.id/id/kbli/konversi/52103?v=2020,
52104,52104,tetap,1:1,success,https://oss.go.id/id/kbli/konversi/52104?v=2020,
52105,,,,not_found,https://oss.go.id/id/kbli/konversi/52105?v=2020,
52106,52106,tetap,1:1,success,https://oss.go.id/id/kbli/konversi/52106?v=2020,
52107,52107,tetap,1:1,success,https://oss.go.id/id/kbli/konversi/52107?v=2020,
52108,52101,berubah,1:1,success,https://oss.go.id/id/kbli/konversi/52108?v=2020,
52109,52109,tetap,1:1,success,https://oss.go.id/id/kbli/konversi/52109?v=2020,
52211,,,,not_found,https://oss.go.id/id/kbli/konversi/52211?v=2020,
52212,,,,not_found,https://oss.go.id/id/kbli/konversi/52212?v=2020,
52213,52213,tetap,1:1,success,https://oss.go.id/id/kbli/konversi/52213?v=2020,
52214,52214,tetap,1:1,success,https://oss.go.id/id/kbli/konversi/52214?v=2020,
52215,52215,tetap,1:1,success,https://oss.go.id/id/kbli/konversi/52215?v=2020,
52219,,,,not_found,https://oss.go.id/id/kbli/konversi/52219?v=2020,
52221,52221,tetap,1:1,success,https://oss.go.id/id/kbli/konversi/52221?v=2020,
52222,52222,tetap,1:1,success,https://oss.go.id/id/kbli/konversi/52222?v=2020,
52223,52223,tetap,1:1,success,https://oss.go.id/id/kbli/konversi/52223?v=2020,
52224,52224,tetap,1:1,success,https://oss.go.id/id/kbli/konversi/52224?v=2020,
52225,52225,tetap,1:1,success,https://oss.go.id/id/kbli/konversi/52225?v=2020,
52229,52226,dipecah,1:N,success,https://oss.go.id/id/kbli/konversi/52229?v=2020,
52229,52319,dipecah,1:N,success,https://oss.go.id/id/kbli/konversi/52229?v=2020,
52231,52231,tetap,1:1,success,https://oss.go.id/id/kbli/konversi/52231?v=2020,
52232,,,,not_found,https://oss.go.id/id/kbli/konversi/52232?v=2020,
52240,52240,tetap,1:1,success,https://oss.go.id/id/kbli/konversi/52240?v=2020,
52291,52311,berubah,1:1,success,https://oss.go.id/id/kbli/konversi/52291?v=2020,
52292,,,,not_found,https://oss.go.id/id/kbli/konversi/52292?v=2020,
52293,,,,not_found,https://oss.go.id/id/kbli/konversi/52293?v=2020,
52294,,,,not_found,https://oss.go.id/id/kbli/konversi/52294?v=2020,
52295,52291,berubah,1:1,success,https://oss.go.id/id/kbli/konversi/52295?v=2020,
52296,33153,dipecah,1:N,success,https://oss.go.id/id/kbli/konversi/52296?v=2020,
52296,52233,dipecah,1:N,success,https://oss.go.id/id/kbli/konversi/52296?v=2020,
52296,52234,dipecah,1:N,success,https://oss.go.id/id/kbli/konversi/52296?v=2020,
52296,52313,dipecah,1:N,success,https://oss.go.id/id/kbli/konversi/52296?v=2020,
52296,52319,dipecah,1:N,success,https://oss.go.id/id/kbli/konversi/52296?v=2020,
52296,52322,dipecah,1:N,success,https://oss.go.id/id/kbli/konversi/52296?v=2020,
52296,52323,dipecah,1:N,success,https://oss.go.id/id/kbli/konversi/52296?v=2020,
52297,52312,berubah,1:1,success,https://oss.go.id/id/kbli/konversi/52297?v=2020,
52298,52292,berubah,1:1,success,https://oss.go.id/id/kbli/konversi/52298?v=2020,
52299,,,,not_found,https://oss.go.id/id/kbli/konversi/52299?v=2020,
53100,53100,tetap,1:1,success,https://oss.go.id/id/kbli/konversi/53100?v=2020,
53201,53200,berubah,1:1,success,https://oss.go.id/id/kbli/konversi/53201?v=2020,
53202,53301,dipecah,1:N,success,https://oss.go.id/id/kbli/konversi/53202?v=2020,
53202,53309,dipecah,1:N,success,https://oss.go.id/id/kbli/konversi/53202?v=2020,
55110,55101,dipecah,1:N,success,https://oss.go.id/id/kbli/konversi/55110?v=2020,
55110,55102,dipecah,1:N,success,https://oss.go.id/id/kbli/konversi/55110?v=2020,
55110,55103,dipecah,1:N,success,https://oss.go.id/id/kbli/konversi/55110?v=2020,
55110,55104,dipecah,1:N,success,https://oss.go.id/id/kbli/konversi/55110?v=2020,
55110,55105,dipecah,1:N,success,https://oss.go.id/id/kbli/konversi/55110?v=2020,
55120,55106,berubah,1:1,success,https://oss.go.id/id/kbli/konversi/55120?v=2020,
55130,55201,berubah,1:1,success,https://oss.go.id/id/kbli/konversi/55130?v=2020,
55191,55202,berubah,1:1,success,https://oss.go.id/id/kbli/konversi/55191?v=2020,
55192,55300,berubah,1:1,success,https://oss.go.id/id/kbli/konversi/55192?v=2020,
55193,55203,berubah,1:1,success,https://oss.go.id/id/kbli/konversi/55193?v=2020,
55194,55204,berubah,1:1,success,https://oss.go.id/id/kbli/konversi/55194?v=2020,
55199,55209,berubah,1:1,success,https://oss.go.id/id/kbli/konversi/55199?v=2020,
55900,55901,dipecah,1:N,success,https://oss.go.id/id/kbli/konversi/55900?v=2020,
55900,55909,dipecah,1:N,success,https://oss.go.id/id/kbli/konversi/55900?v=2020,
55900,87303,dipecah,1:N,success,https://oss.go.id/id/kbli/konversi/55900?v=2020,
56101,56101,tetap,1:1,success,https://oss.go.id/id/kbli/konversi/56101?v=2020,
56102,56101,berubah,1:1,success,https://oss.go.id/id/kbli/konversi/56102?v=2020,
56103,56102,berubah,1:1,success,https://oss.go.id/id/kbli/konversi/56103?v=2020,
56104,56102,berubah,1:1,success,https://oss.go.id/id/kbli/konversi/56104?v=2020,
56109,56102,berubah,1:1,success,https://oss.go.id/id/kbli/konversi/56109?v=2020,
56210,56210,tetap,1:1,success,https://oss.go.id/id/kbli/konversi/56210?v=2020,
56290,56290,tetap,1:1,success,https://oss.go.id/id/kbli/konversi/56290?v=2020,
56301,56301,tetap,1:1,success,https://oss.go.id/id/kbli/konversi/56301?v=2020,
56302,56302,tetap,1:1,success,https://oss.go.id/id/kbli/konversi/56302?v=2020,
56303,56303,tetap,1:1,success,https://oss.go.id/id/kbli/konversi/56303?v=2020,
56304,56304,tetap,1:1,success,https://oss.go.id/id/kbli/konversi/56304?v=2020,
56305,56305,tetap,1:1,success,https://oss.go.id/id/kbli/konversi/56305?v=2020,
56306,56306,tetap,1:1,success,https://oss.go.id/id/kbli/konversi/56306?v=2020,
58110,58110,tetap,1:1,success,https://oss.go.id/id/kbli/konversi/58110?v=2020,
58120,58190,dipecah,1:N,success,https://oss.go.id/id/kbli/konversi/58120?v=2020,
58130,58110,dipecah,1:N,success,https://oss.go.id/id/kbli/konversi/58130?v=2020,
58190,58190,tetap,1:1,success,https://oss.go.id/id/kbli/konversi/58190?v=2020,
58200,58211,dipecah,1:N,success,https://oss.go.id/id/kbli/konversi/58200?v=2020,
58200,58219,dipecah,1:N,success,https://oss.go.id/id/kbli/konversi/58200?v=2020,
58200,58290,dipecah,1:N,success,https://oss.go.id/id/kbli/konversi/58200?v=2020,
59111,59111,tetap,1:1,success,https://oss.go.id/id/kbli/konversi/59111?v=2020,
59112,59112,tetap,1:1,success,https://oss.go.id/id/kbli/konversi/59112?v=2020,
59121,59121,tetap,1:1,success,https://oss.go.id/id/kbli/konversi/59121?v=2020,
59122,59122,tetap,1:1,success,https://oss.go.id/id/kbli/konversi/59122?v=2020,
59131,,,,not_found,https://oss.go.id/id/kbli/konversi/59131?v=2020,
59132,59132,tetap,1:1,success,https://oss.go.id/id/kbli/konversi/59132?v=2020,
59140,59140,tetap,1:1,success,https://oss.go.id/id/kbli/konversi/59140?v=2020,
59201,59201,tetap,1:1,success,https://oss.go.id/id/kbli/konversi/59201?v=2020,
59202,59202,tetap,1:1,success,https://oss.go.id/id/kbli/konversi/59202?v=2020,
60101,,,,not_found,https://oss.go.id/id/kbli/konversi/60101?v=2020,
60102,60102,tetap,1:1,success,https://oss.go.id/id/kbli/konversi/60102?v=2020,
60201,,,,not_found,https://oss.go.id/id/kbli/konversi/60201?v=2020,
60202,60202,tetap,1:1,success,https://oss.go.id/id/kbli/konversi/60202?v=2020,
61100,61101,dipecah,1:N,success,https://oss.go.id/id/kbli/konversi/61100?v=2020,
61100,61108,dipecah,1:N,success,https://oss.go.id/id/kbli/konversi/61100?v=2020,
61200,61102,dipecah,1:N,success,https://oss.go.id/id/kbli/konversi/61200?v=2020,
61200,61108,dipecah,1:N,success,https://oss.go.id/id/kbli/konversi/61200?v=2020,
61300,61103,dipecah,1:N,success,https://oss.go.id/id/kbli/konversi/61300?v=2020,
61300,61108,dipecah,1:N,success,https://oss.go.id/id/kbli/konversi/61300?v=2020,
61911,61901,berubah,1:1,success,https://oss.go.id/id/kbli/konversi/61911?v=2020,
61912,61902,berubah,1:1,success,https://oss.go.id/id/kbli/konversi/61912?v=2020,
61913,61903,berubah,1:1,success,https://oss.go.id/id/kbli/konversi/61913?v=2020,
61914,61904,berubah,1:1,success,https://oss.go.id/id/kbli/konversi/61914?v=2020,
61919,,,,not_found,https://oss.go.id/id/kbli/konversi/61919?v=2020,
61921,61104,berubah,1:1,success,https://oss.go.id/id/kbli/konversi/61921?v=2020,
61922,61105,berubah,1:1,success,https://oss.go.id/id/kbli/konversi/61922?v=2020,
61923,61106,berubah,1:1,success,https://oss.go.id/id/kbli/konversi/61923?v=2020,
61924,61107,berubah,1:1,success,https://oss.go.id/id/kbli/konversi/61924?v=2020,
61925,,,,not_found,https://oss.go.id/id/kbli/konversi/61925?v=2020,
61929,,,,not_found,https://oss.go.id/id/kbli/konversi/61929?v=2020,
61991,,,,not_found,https://oss.go.id/id/kbli/konversi/61991?v=2020,
61992,,,,not_found,https://oss.go.id/id/kbli/konversi/61992?v=2020,
61993,61101,dipecah,1:N,success,https://oss.go.id/id/kbli/konversi/61993?v=2020,
61993,61102,dipecah,1:N,success,https://oss.go.id/id/kbli/konversi/61993?v=2020,
61993,61103,dipecah,1:N,success,https://oss.go.id/id/kbli/konversi/61993?v=2020,
61994,61201,dipecah,1:N,success,https://oss.go.id/id/kbli/konversi/61994?v=2020,
61994,61209,dipecah,1:N,success,https://oss.go.id/id/kbli/konversi/61994?v=2020,
61999,61209,berubah,1:1,success,https://oss.go.id/id/kbli/konversi/61999?v=2020,
62011,62110,berubah,1:1,success,https://oss.go.id/id/kbli/konversi/62011?v=2020,
62012,62191,berubah,1:1,success,https://oss.go.id/id/kbli/konversi/62012?v=2020,
62013,62192,berubah,1:1,success,https://oss.go.id/id/kbli/konversi/62013?v=2020,
62014,62193,berubah,1:1,success,https://oss.go.id/id/kbli/konversi/62014?v=2020,
62015,62194,berubah,1:1,success,https://oss.go.id/id/kbli/konversi/62015?v=2020,
62019,62199,berubah,1:1,success,https://oss.go.id/id/kbli/konversi/62019?v=2020,
62021,62201,berubah,1:1,success,https://oss.go.id/id/kbli/konversi/62021?v=2020,
62022,62202,berubah,1:1,success,https://oss.go.id/id/kbli/konversi/62022?v=2020,
62023,62203,berubah,1:1,success,https://oss.go.id/id/kbli/konversi/62023?v=2020,
62024,62204,berubah,1:1,success,https://oss.go.id/id/kbli/konversi/62024?v=2020,
62029,62209,berubah,1:1,success,https://oss.go.id/id/kbli/konversi/62029?v=2020,
62090,62900,berubah,1:1,success,https://oss.go.id/id/kbli/konversi/62090?v=2020,
63111,63101,berubah,1:1,success,https://oss.go.id/id/kbli/konversi/63111?v=2020,
63112,63102,berubah,1:1,success,https://oss.go.id/id/kbli/konversi/63112?v=2020,
63121,,,,not_found,https://oss.go.id/id/kbli/konversi/63121?v=2020,
63122,35401,dipecah,1:N,success,https://oss.go.id/id/kbli/konversi/63122?v=2020,
63122,35402,dipecah,1:N,success,https://oss.go.id/id/kbli/konversi/63122?v=2020,
63122,43400,dipecah,1:N,success,https://oss.go.id/id/kbli/konversi/63122?v=2020,
63122,46100,dipecah,1:N,success,https://oss.go.id/id/kbli/konversi/63122?v=2020,
63122,47901,dipecah,1:N,success,https://oss.go.id/id/kbli/konversi/63122?v=2020,
63122,47909,dipecah,1:N,success,https://oss.go.id/id/kbli/konversi/63122?v=2020,
63122,52311,dipecah,1:N,success,https://oss.go.id/id/kbli/konversi/63122?v=2020,
63122,52312,dipecah,1:N,success,https://oss.go.id/id/kbli/konversi/63122?v=2020,
63122,52313,dipecah,1:N,success,https://oss.go.id/id/kbli/konversi/63122?v=2020,
63122,52319,dipecah,1:N,success,https://oss.go.id/id/kbli/konversi/63122?v=2020,
63122,52321,dipecah,1:N,success,https://oss.go.id/id/kbli/konversi/63122?v=2020,
63122,52322,dipecah,1:N,success,https://oss.go.id/id/kbli/konversi/63122?v=2020,
63122,52323,dipecah,1:N,success,https://oss.go.id/id/kbli/konversi/63122?v=2020,
63122,52329,dipecah,1:N,success,https://oss.go.id/id/kbli/konversi/63122?v=2020,
63122,53301,dipecah,1:N,success,https://oss.go.id/id/kbli/konversi/63122?v=2020,
63122,53309,dipecah,1:N,success,https://oss.go.id/id/kbli/konversi/63122?v=2020,
63122,55400,dipecah,1:N,success,https://oss.go.id/id/kbli/konversi/63122?v=2020,
63122,56400,dipecah,1:N,success,https://oss.go.id/id/kbli/konversi/63122?v=2020,
63122,58211,dipecah,1:N,success,https://oss.go.id/id/kbli/konversi/63122?v=2020,
63122,58219,dipecah,1:N,success,https://oss.go.id/id/kbli/konversi/63122?v=2020,
63122,58290,dipecah,1:N,success,https://oss.go.id/id/kbli/konversi/63122?v=2020,
63122,61201,dipecah,1:N,success,https://oss.go.id/id/kbli/konversi/63122?v=2020,
63122,61209,dipecah,1:N,success,https://oss.go.id/id/kbli/konversi/63122?v=2020,
63122,63900,dipecah,1:N,success,https://oss.go.id/id/kbli/konversi/63122?v=2020,
63122,68210,dipecah,1:N,success,https://oss.go.id/id/kbli/konversi/63122?v=2020,
63122,77510,dipecah,1:N,success,https://oss.go.id/id/kbli/konversi/63122?v=2020,
63122,77520,dipecah,1:N,success,https://oss.go.id/id/kbli/konversi/63122?v=2020,
63122,82400,dipecah,1:N,success,https://oss.go.id/id/kbli/konversi/63122?v=2020,
63122,85610,dipecah,1:N,success,https://oss.go.id/id/kbli/konversi/63122?v=2020,
63122,86910,dipecah,1:N,success,https://oss.go.id/id/kbli/konversi/63122?v=2020,
63122,87910,dipecah,1:N,success,https://oss.go.id/id/kbli/konversi/63122?v=2020,
63122,95400,dipecah,1:N,success,https://oss.go.id/id/kbli/konversi/63122?v=2020,
63122,96400,dipecah,1:N,success,https://oss.go.id/id/kbli/konversi/63122?v=2020,
63911,,,,not_found,https://oss.go.id/id/kbli/konversi/63911?v=2020,
63912,,,,not_found,https://oss.go.id/id/kbli/konversi/63912?v=2020,
63990,60390,dipecah,1:N,success,https://oss.go.id/id/kbli/konversi/63990?v=2020,
63990,63900,dipecah,1:N,success,https://oss.go.id/id/kbli/konversi/63990?v=2020,
64110,,,,not_found,https://oss.go.id/id/kbli/konversi/64110?v=2020,
64121,64121,tetap,1:1,success,https://oss.go.id/id/kbli/konversi/64121?v=2020,
64122,64122,tetap,1:1,success,https://oss.go.id/id/kbli/konversi/64122?v=2020,
64123,,,,not_found,https://oss.go.id/id/kbli/konversi/64123?v=2020,
64131,64123,berubah,1:1,success,https://oss.go.id/id/kbli/konversi/64131?v=2020,
64132,64124,berubah,1:1,success,https://oss.go.id/id/kbli/konversi/64132?v=2020,
64141,64191,berubah,1:1,success,https://oss.go.id/id/kbli/konversi/64141?v=2020,
64142,64191,berubah,1:1,success,https://oss.go.id/id/kbli/konversi/64142?v=2020,
64143,64191,berubah,1:1,success,https://oss.go.id/id/kbli/konversi/64143?v=2020,
64144,64191,berubah,1:1,success,https://oss.go.id/id/kbli/konversi/64144?v=2020,
64145,64192,berubah,1:1,success,https://oss.go.id/id/kbli/konversi/64145?v=2020,
64146,64192,berubah,1:1,success,https://oss.go.id/id/kbli/konversi/64146?v=2020,
64147,64192,berubah,1:1,success,https://oss.go.id/id/kbli/konversi/64147?v=2020,
64148,64192,berubah,1:1,success,https://oss.go.id/id/kbli/konversi/64148?v=2020,
64151,64193,berubah,1:1,success,https://oss.go.id/id/kbli/konversi/64151?v=2020,
64152,64194,berubah,1:1,success,https://oss.go.id/id/kbli/konversi/64152?v=2020,
64190,64199,berubah,1:1,success,https://oss.go.id/id/kbli/konversi/64190?v=2020,
64200,64210,berubah,1:1,success,https://oss.go.id/id/kbli/konversi/64200?v=2020,
64300,,,,not_found,https://oss.go.id/id/kbli/konversi/64300?v=2020,
64400,,,,not_found,https://oss.go.id/id/kbli/konversi/64400?v=2020,
64500,,,,not_found,https://oss.go.id/id/kbli/konversi/64500?v=2020,
64911,64910,dipecah,1:N,success,https://oss.go.id/id/kbli/konversi/64911?v=2020,
64911,64930,dipecah,1:N,success,https://oss.go.id/id/kbli/konversi/64911?v=2020,
64911,64959,dipecah,1:N,success,https://oss.go.id/id/kbli/konversi/64911?v=2020,
64912,64959,berubah,1:1,success,https://oss.go.id/id/kbli/konversi/64912?v=2020,
64913,,,,not_found,https://oss.go.id/id/kbli/konversi/64913?v=2020,
64921,64953,berubah,1:1,success,https://oss.go.id/id/kbli/konversi/64921?v=2020,
64922,64954,berubah,1:1,success,https://oss.go.id/id/kbli/konversi/64922?v=2020,
64923,,,,not_found,https://oss.go.id/id/kbli/konversi/64923?v=2020,
64931,64991,berubah,1:1,success,https://oss.go.id/id/kbli/konversi/64931?v=2020,
64932,64992,berubah,1:1,success,https://oss.go.id/id/kbli/konversi/64932?v=2020,
64933,,,,not_found,https://oss.go.id/id/kbli/konversi/64933?v=2020,
64941,64951,berubah,1:1,success,https://oss.go.id/id/kbli/konversi/64941?v=2020,
64942,64952,berubah,1:1,success,https://oss.go.id/id/kbli/konversi/64942?v=2020,
64943,,,,not_found,https://oss.go.id/id/kbli/konversi/64943?v=2020,
64951,66161,berubah,1:1,success,https://oss.go.id/id/kbli/konversi/64951?v=2020,
64952,66162,berubah,1:1,success,https://oss.go.id/id/kbli/konversi/64952?v=2020,
64953,,,,not_found,https://oss.go.id/id/kbli/konversi/64953?v=2020,
64991,,,,not_found,https://oss.go.id/id/kbli/konversi/64991?v=2020,
64992,,,,not_found,https://oss.go.id/id/kbli/konversi/64992?v=2020,
64999,64999,tetap,1:1,success,https://oss.go.id/id/kbli/konversi/64999?v=2020,
65111,65111,tetap,1:1,success,https://oss.go.id/id/kbli/konversi/65111?v=2020,
65112,65112,tetap,1:1,success,https://oss.go.id/id/kbli/konversi/65112?v=2020,
65113,,,,not_found,https://oss.go.id/id/kbli/konversi/65113?v=2020,
65121,65121,tetap,1:1,success,https://oss.go.id/id/kbli/konversi/65121?v=2020,
65122,65122,tetap,1:1,success,https://oss.go.id/id/kbli/konversi/65122?v=2020,
65123,,,,not_found,https://oss.go.id/id/kbli/konversi/65123?v=2020,
65131,65131,tetap,1:1,success,https://oss.go.id/id/kbli/konversi/65131?v=2020,
65132,65132,tetap,1:1,success,https://oss.go.id/id/kbli/konversi/65132?v=2020,
65133,,,,not_found,https://oss.go.id/id/kbli/konversi/65133?v=2020,
65211,65201,berubah,1:1,success,https://oss.go.id/id/kbli/konversi/65211?v=2020,
65212,65202,berubah,1:1,success,https://oss.go.id/id/kbli/konversi/65212?v=2020,
65213,,,,not_found,https://oss.go.id/id/kbli/konversi/65213?v=2020,
65221,65203,berubah,1:1,success,https://oss.go.id/id/kbli/konversi/65221?v=2020,
65222,65204,berubah,1:1,success,https://oss.go.id/id/kbli/konversi/65222?v=2020,
65311,65301,berubah,1:1,success,https://oss.go.id/id/kbli/konversi/65311?v=2020,
65312,65302,berubah,1:1,success,https://oss.go.id/id/kbli/konversi/65312?v=2020,
65313,,,,not_found,https://oss.go.id/id/kbli/konversi/65313?v=2020,
65321,65303,berubah,1:1,success,https://oss.go.id/id/kbli/konversi/65321?v=2020,
65322,65304,berubah,1:1,success,https://oss.go.id/id/kbli/konversi/65322?v=2020,
66111,66111,tetap,1:1,success,https://oss.go.id/id/kbli/konversi/66111?v=2020,
66112,64993,berubah,1:1,success,https://oss.go.id/id/kbli/konversi/66112?v=2020,
66113,66117,berubah,1:1,success,https://oss.go.id/id/kbli/konversi/66113?v=2020,
66114,66194,berubah,1:1,success,https://oss.go.id/id/kbli/konversi/66114?v=2020,
66115,66195,berubah,1:1,success,https://oss.go.id/id/kbli/konversi/66115?v=2020,
66116,66191,berubah,1:1,success,https://oss.go.id/id/kbli/konversi/66116?v=2020,
66117,66111,berubah,1:1,success,https://oss.go.id/id/kbli/konversi/66117?v=2020,
66118,66126,berubah,1:1,success,https://oss.go.id/id/kbli/konversi/66118?v=2020,
66119,66119,tetap,1:1,success,https://oss.go.id/id/kbli/konversi/66119?v=2020,
66121,66112,berubah,1:1,success,https://oss.go.id/id/kbli/konversi/66121?v=2020,
66122,64993,berubah,1:1,success,https://oss.go.id/id/kbli/konversi/66122?v=2020,
66123,66112,berubah,1:1,success,https://oss.go.id/id/kbli/konversi/66123?v=2020,
66124,64993,berubah,1:1,success,https://oss.go.id/id/kbli/konversi/66124?v=2020,
66131,66115,berubah,1:1,success,https://oss.go.id/id/kbli/konversi/66131?v=2020,
66132,64993,berubah,1:1,success,https://oss.go.id/id/kbli/konversi/66132?v=2020,
66139,66119,berubah,1:1,success,https://oss.go.id/id/kbli/konversi/66139?v=2020,
66141,66196,berubah,1:1,success,https://oss.go.id/id/kbli/konversi/66141?v=2020,
66142,66121,dipecah,1:N,success,https://oss.go.id/id/kbli/konversi/66142?v=2020,
66142,66127,dipecah,1:N,success,https://oss.go.id/id/kbli/konversi/66142?v=2020,
66143,66121,berubah,1:1,success,https://oss.go.id/id/kbli/konversi/66143?v=2020,
66144,,,,not_found,https://oss.go.id/id/kbli/konversi/66144?v=2020,
66145,66199,berubah,1:1,success,https://oss.go.id/id/kbli/konversi/66145?v=2020,
66146,66199,berubah,1:1,success,https://oss.go.id/id/kbli/konversi/66146?v=2020,
66147,66199,berubah,1:1,success,https://oss.go.id/id/kbli/konversi/66147?v=2020,
66149,,,,not_found,https://oss.go.id/id/kbli/konversi/66149?v=2020,
66151,64994,berubah,1:1,success,https://oss.go.id/id/kbli/konversi/66151?v=2020,
66152,66122,berubah,1:1,success,https://oss.go.id/id/kbli/konversi/66152?v=2020,
66153,64994,berubah,1:1,success,https://oss.go.id/id/kbli/konversi/66153?v=2020,
66154,66122,berubah,1:1,success,https://oss.go.id/id/kbli/konversi/66154?v=2020,
66159,,,,not_found,https://oss.go.id/id/kbli/konversi/66159?v=2020,
66160,66125,berubah,1:1,success,https://oss.go.id/id/kbli/konversi/66160?v=2020,
66171,66114,berubah,1:1,success,https://oss.go.id/id/kbli/konversi/66171?v=2020,
66172,66303,berubah,1:1,success,https://oss.go.id/id/kbli/konversi/66172?v=2020,
66173,66152,berubah,1:1,success,https://oss.go.id/id/kbli/konversi/66173?v=2020,
66174,52109,berubah,1:1,success,https://oss.go.id/id/kbli/konversi/66174?v=2020,
66179,,,,not_found,https://oss.go.id/id/kbli/konversi/66179?v=2020,
66191,66133,berubah,1:1,success,https://oss.go.id/id/kbli/konversi/66191?v=2020,
66192,,,,not_found,https://oss.go.id/id/kbli/konversi/66192?v=2020,
66193,,,,not_found,https://oss.go.id/id/kbli/konversi/66193?v=2020,
66194,66193,berubah,1:1,success,https://oss.go.id/id/kbli/konversi/66194?v=2020,
66195,,,,not_found,https://oss.go.id/id/kbli/konversi/66195?v=2020,
66199,66199,tetap,1:1,success,https://oss.go.id/id/kbli/konversi/66199?v=2020,
66211,,,,not_found,https://oss.go.id/id/kbli/konversi/66211?v=2020,
66212,66212,tetap,1:1,success,https://oss.go.id/id/kbli/konversi/66212?v=2020,
66221,66221,tetap,1:1,success,https://oss.go.id/id/kbli/konversi/66221?v=2020,
66222,66222,tetap,1:1,success,https://oss.go.id/id/kbli/konversi/66222?v=2020,
66223,66223,tetap,1:1,success,https://oss.go.id/id/kbli/konversi/66223?v=2020,
66224,,,,not_found,https://oss.go.id/id/kbli/konversi/66224?v=2020,
66225,66225,tetap,1:1,success,https://oss.go.id/id/kbli/konversi/66225?v=2020,
66226,66226,tetap,1:1,success,https://oss.go.id/id/kbli/konversi/66226?v=2020,
66291,66291,tetap,1:1,success,https://oss.go.id/id/kbli/konversi/66291?v=2020,
66292,66198,berubah,1:1,success,https://oss.go.id/id/kbli/konversi/66292?v=2020,
66299,,,,not_found,https://oss.go.id/id/kbli/konversi/66299?v=2020,
66311,66301,berubah,1:1,success,https://oss.go.id/id/kbli/konversi/66311?v=2020,
66312,66302,berubah,1:1,success,https://oss.go.id/id/kbli/konversi/66312?v=2020,
66321,66151,berubah,1:1,success,https://oss.go.id/id/kbli/konversi/66321?v=2020,
66322,66151,berubah,1:1,success,https://oss.go.id/id/kbli/konversi/66322?v=2020,
66390,,,,not_found,https://oss.go.id/id/kbli/konversi/66390?v=2020,
66411,66141,berubah,1:1,success,https://oss.go.id/id/kbli/konversi/66411?v=2020,
66412,66142,berubah,1:1,success,https://oss.go.id/id/kbli/konversi/66412?v=2020,
66413,66143,berubah,1:1,success,https://oss.go.id/id/kbli/konversi/66413?v=2020,
66420,66144,berubah,1:1,success,https://oss.go.id/id/kbli/konversi/66420?v=2020,
68111,68111,tetap,1:1,success,https://oss.go.id/id/kbli/konversi/68111?v=2020,
68112,68124,berubah,1:1,success,https://oss.go.id/id/kbli/konversi/68112?v=2020,
68120,68121,berubah,1:1,success,https://oss.go.id/id/kbli/konversi/68120?v=2020,
68130,68122,berubah,1:1,success,https://oss.go.id/id/kbli/konversi/68130?v=2020,
68200,68210,dipecah,1:N,success,https://oss.go.id/id/kbli/konversi/68200?v=2020,
68200,68291,dipecah,1:N,success,https://oss.go.id/id/kbli/konversi/68200?v=2020,
68200,68292,dipecah,1:N,success,https://oss.go.id/id/kbli/konversi/68200?v=2020,
68200,68299,dipecah,1:N,success,https://oss.go.id/id/kbli/konversi/68200?v=2020,
69101,69101,tetap,1:1,success,https://oss.go.id/id/kbli/konversi/69101?v=2020,200
69102,69102,tetap,1:1,success,https://oss.go.id/id/kbli/konversi/69102?v=2020,
69103,69103,tetap,1:1,success,https://oss.go.id/id/kbli/konversi/69103?v=2020,
69104,,,,not_found,https://oss.go.id/id/kbli/konversi/69104?v=2020,
69109,69101,dipecah,1:N,success,https://oss.go.id/id/kbli/konversi/69109?v=2020,
69109,69102,dipecah,1:N,success,https://oss.go.id/id/kbli/konversi/69109?v=2020,
69109,69103,dipecah,1:N,success,https://oss.go.id/id/kbli/konversi/69109?v=2020,
69109,69104,dipecah,1:N,success,https://oss.go.id/id/kbli/konversi/69109?v=2020,
69201,69201,tetap,1:1,success,https://oss.go.id/id/kbli/konversi/69201?v=2020,200
69202,69202,tetap,1:1,success,https://oss.go.id/id/kbli/konversi/69202?v=2020,
70100,,,,not_found,https://oss.go.id/id/kbli/konversi/70100?v=2020,200
70201,70201,tetap,1:1,success,https://oss.go.id/id/kbli/konversi/70201?v=2020,200
70202,70209,berubah,1:1,success,https://oss.go.id/id/kbli/konversi/70202?v=2020,200
70203,73300,berubah,1:1,success,https://oss.go.id/id/kbli/konversi/70203?v=2020,
70204,70202,berubah,1:1,success,https://oss.go.id/id/kbli/konversi/70204?v=2020,
70209,70203,dipecah,1:1,success,https://oss.go.id/id/kbli/konversi/70209?v=2020,200
71101,71101,tetap,1:1,success,https://oss.go.id/id/kbli/konversi/71101?v=2020,200
71102,71109,dipecah,1:N,success,https://oss.go.id/id/kbli/konversi/71102?v=2020,
71201,71201,tetap,1:1,success,https://oss.go.id/id/kbli/konversi/71201?v=2020,200
71202,71204,berubah,1:1,success,https://oss.go.id/id/kbli/konversi/71202?v=2020,200
71203,71202,berubah,1:1,success,https://oss.go.id/id/kbli/konversi/71203?v=2020,200
71204,71202,berubah,1:1,success,https://oss.go.id/id/kbli/konversi/71204?v=2020,
71205,,,,not_found,https://oss.go.id/id/kbli/konversi/71205?v=2020,200
71206,71203,berubah,1:1,success,https://oss.go.id/id/kbli/konversi/71206?v=2020,200
71207,71202,berubah,1:1,success,https://oss.go.id/id/kbli/konversi/71207?v=2020,200
71208,71202,dipecah,1:N,success,https://oss.go.id/id/kbli/konversi/71208?v=2020,200
71208,71204,dipecah,1:N,success,https://oss.go.id/id/kbli/konversi/71208?v=2020,200
71209,74999,dipecah,1:N,success,https://oss.go.id/id/kbli/konversi/71209?v=2020,
72101,,,,not_found,https://oss.go.id/id/kbli/konversi/72101?v=2020,200
72102,72102,tetap,1:1,success,https://oss.go.id/id/kbli/konversi/72102?v=2020,200
72103,,,,not_found,https://oss.go.id/id/kbli/konversi/72103?v=2020,
72104,72104,tetap,1:1,success,https://oss.go.id/id/kbli/konversi/72104?v=2020,
72105,,,,not_found,https://oss.go.id/id/kbli/konversi/72105?v=2020,
72106,,,,not_found,https://oss.go.id/id/kbli/konversi/72106?v=2020,
72107,72106,berubah,1:1,success,https://oss.go.id/id/kbli/konversi/72107?v=2020,200
72109,72109,tetap,1:1,success,https://oss.go.id/id/kbli/konversi/72109?v=2020,200
72201,,,,not_found,https://oss.go.id/id/kbli/konversi/72201?v=2020,200
72202,,,,not_found,https://oss.go.id/id/kbli/konversi/72202?v=2020,200
72203,,,,not_found,https://oss.go.id/id/kbli/konversi/72203?v=2020,
72204,,,,not_found,https://oss.go.id/id/kbli/konversi/72204?v=2020,
72205,,,,not_found,https://oss.go.id/id/kbli/konversi/72205?v=2020,
72206,,,,not_found,https://oss.go.id/id/kbli/konversi/72206?v=2020,
72209,,,,not_found,https://oss.go.id/id/kbli/konversi/72209?v=2020,
73100,73100,tetap,1:1,success,https://oss.go.id/id/kbli/konversi/73100?v=2020,
73201,73201,tetap,1:1,success,https://oss.go.id/id/kbli/konversi/73201?v=2020,
73202,73202,tetap,1:1,success,https://oss.go.id/id/kbli/konversi/73202?v=2020,
74100,,,,not_found,https://oss.go.id/id/kbli/konversi/74100?v=2020,
74111,74111,tetap,1:1,success,https://oss.go.id/id/kbli/konversi/74111?v=2020,
74112,74112,tetap,1:1,success,https://oss.go.id/id/kbli/konversi/74112?v=2020,
74113,,,,not_found,https://oss.go.id/id/kbli/konversi/74113?v=2020,
74114,74114,tetap,1:1,success,https://oss.go.id/id/kbli/konversi/74114?v=2020,
74115,74115,tetap,1:1,success,https://oss.go.id/id/kbli/konversi/74115?v=2020,
74116,74116,tetap,1:1,success,https://oss.go.id/id/kbli/konversi/74116?v=2020,
74117,74117,tetap,1:1,success,https://oss.go.id/id/kbli/konversi/74117?v=2020,
74118,74118,tetap,1:1,success,https://oss.go.id/id/kbli/konversi/74118?v=2020,
74119,74119,tetap,1:1,success,https://oss.go.id/id/kbli/konversi/74119?v=2020,
74120,74191,berubah,1:1,success,https://oss.go.id/id/kbli/konversi/74120?v=2020,
74130,74192,berubah,1:1,success,https://oss.go.id/id/kbli/konversi/74130?v=2020,
74141,74193,berubah,1:1,success,https://oss.go.id/id/kbli/konversi/74141?v=2020,
74142,74194,berubah,1:1,success,https://oss.go.id/id/kbli/konversi/74142?v=2020,
74149,74199,berubah,1:1,success,https://oss.go.id/id/kbli/konversi/74149?v=2020,
74201,74209,berubah,1:1,success,https://oss.go.id/id/kbli/konversi/74201?v=2020,
74202,74201,berubah,1:1,success,https://oss.go.id/id/kbli/konversi/74202?v=2020,
74311,,,,not_found,https://oss.go.id/id/kbli/konversi/74311?v=2020,200
74312,,,,not_found,https://oss.go.id/id/kbli/konversi/74312?v=2020,
74321,85693,berubah,1:1,success,https://oss.go.id/id/kbli/konversi/74321?v=2020,200
74322,85694,berubah,1:1,success,https://oss.go.id/id/kbli/konversi/74322?v=2020,200
74901,74300,berubah,1:1,success,https://oss.go.id/id/kbli/konversi/74901?v=2020,
74902,74910,dipecah,1:N,success,https://oss.go.id/id/kbli/konversi/74902?v=2020,
74902,74991,dipecah,1:N,success,https://oss.go.id/id/kbli/konversi/74902?v=2020,
74909,52226,dipecah,1:N,success,https://oss.go.id/id/kbli/konversi/74909?v=2020,
74909,74999,dipecah,1:N,success,https://oss.go.id/id/kbli/konversi/74909?v=2020,
75000,75002,berubah,1:1,success,https://oss.go.id/id/kbli/konversi/75000?v=2020,
77100,77510,dipecah,1:N,success,https://oss.go.id/id/kbli/konversi/77100?v=2020,
77210,77520,dipecah,1:N,success,https://oss.go.id/id/kbli/konversi/77210?v=2020,
77220,77293,berubah,1:1,success,https://oss.go.id/id/kbli/konversi/77220?v=2020,
77291,77520,dipecah,1:N,success,https://oss.go.id/id/kbli/konversi/77291?v=2020,
77292,77299,dipecah,1:N,success,https://oss.go.id/id/kbli/konversi/77292?v=2020,
77292,77520,dipecah,1:N,success,https://oss.go.id/id/kbli/konversi/77292?v=2020,
77293,77520,dipecah,1:N,success,https://oss.go.id/id/kbli/konversi/77293?v=2020,
77294,77520,dipecah,1:N,success,https://oss.go.id/id/kbli/konversi/77294?v=2020,
77295,77292,dipecah,1:N,success,https://oss.go.id/id/kbli/konversi/77295?v=2020,
77295,77520,dipecah,1:N,success,https://oss.go.id/id/kbli/konversi/77295?v=2020,
77299,77520,dipecah,1:N,success,https://oss.go.id/id/kbli/konversi/77299?v=2020,
77301,,,,not_found,https://oss.go.id/id/kbli/konversi/77301?v=2020,
77311,77311,tetap,1:1,success,https://oss.go.id/id/kbli/konversi/77311?v=2020,
77312,77312,tetap,1:1,success,https://oss.go.id/id/kbli/konversi/77312?v=2020,
77313,77313,tetap,1:1,success,https://oss.go.id/id/kbli/konversi/77313?v=2020,
77319,77311,berubah,1:1,success,https://oss.go.id/id/kbli/konversi/77319?v=2020,
77321,77396,berubah,1:1,success,https://oss.go.id/id/kbli/konversi/77321?v=2020,
77322,77396,berubah,1:1,success,https://oss.go.id/id/kbli/konversi/77322?v=2020,
77323,77291,berubah,1:1,success,https://oss.go.id/id/kbli/konversi/77323?v=2020,
77329,77396,berubah,1:1,success,https://oss.go.id/id/kbli/konversi/77329?v=2020,
77391,77391,tetap,1:1,success,https://oss.go.id/id/kbli/konversi/77391?v=2020,
77392,77392,tetap,1:1,success,https://oss.go.id/id/kbli/konversi/77392?v=2020,
77393,77393,tetap,1:1,success,https://oss.go.id/id/kbli/konversi/77393?v=2020,
77394,77394,tetap,1:1,success,https://oss.go.id/id/kbli/konversi/77394?v=2020,
77395,77395,tetap,1:1,success,https://oss.go.id/id/kbli/konversi/77395?v=2020,
77399,77399,tetap,1:1,success,https://oss.go.id/id/kbli/konversi/77399?v=2020,
77400,77400,tetap,1:1,success,https://oss.go.id/id/kbli/konversi/77400?v=2020,
78101,78101,tetap,1:1,success,https://oss.go.id/id/kbli/konversi/78101?v=2020,
78102,78104,dipecah,1:N,success,https://oss.go.id/id/kbli/konversi/78102?v=2020,
78103,78103,tetap,1:1,success,https://oss.go.id/id/kbli/konversi/78103?v=2020,
78104,78105,berubah,1:1,success,https://oss.go.id/id/kbli/konversi/78104?v=2020,
78200,,,,not_found,https://oss.go.id/id/kbli/konversi/78200?v=2020,
78300,78200,berubah,1:1,success,https://oss.go.id/id/kbli/konversi/78300?v=2020,
78411,,,,not_found,https://oss.go.id/id/kbli/konversi/78411?v=2020,
78412,,,,not_found,https://oss.go.id/id/kbli/konversi/78412?v=2020,
78413,,,,not_found,https://oss.go.id/id/kbli/konversi/78413?v=2020,
78414,,,,not_found,https://oss.go.id/id/kbli/konversi/78414?v=2020,
78415,,,,not_found,https://oss.go.id/id/kbli/konversi/78415?v=2020,
78416,,,,not_found,https://oss.go.id/id/kbli/konversi/78416?v=2020,
78417,,,,not_found,https://oss.go.id/id/kbli/konversi/78417?v=2020,
78419,,,,not_found,https://oss.go.id/id/kbli/konversi/78419?v=2020,
78421,85571,berubah,1:1,success,https://oss.go.id/id/kbli/konversi/78421?v=2020,
78422,85572,berubah,1:1,success,https://oss.go.id/id/kbli/konversi/78422?v=2020,
78423,85573,berubah,1:1,success,https://oss.go.id/id/kbli/konversi/78423?v=2020,
78424,85574,berubah,1:1,success,https://oss.go.id/id/kbli/konversi/78424?v=2020,
78425,85575,berubah,1:1,success,https://oss.go.id/id/kbli/konversi/78425?v=2020,
78426,85576,berubah,1:1,success,https://oss.go.id/id/kbli/konversi/78426?v=2020,
78427,85577,berubah,1:1,success,https://oss.go.id/id/kbli/konversi/78427?v=2020,
78429,85579,berubah,1:1,success,https://oss.go.id/id/kbli/konversi/78429?v=2020,
78431,,,,not_found,https://oss.go.id/id/kbli/konversi/78431?v=2020,
78432,,,,not_found,https://oss.go.id/id/kbli/konversi/78432?v=2020,
78433,,,,not_found,https://oss.go.id/id/kbli/konversi/78433?v=2020,
78434,,,,not_found,https://oss.go.id/id/kbli/konversi/78434?v=2020,
78435,,,,not_found,https://oss.go.id/id/kbli/konversi/78435?v=2020,
78436,,,,not_found,https://oss.go.id/id/kbli/konversi/78436?v=2020,
78437,,,,not_found,https://oss.go.id/id/kbli/konversi/78437?v=2020,
78439,,,,not_found,https://oss.go.id/id/kbli/konversi/78439?v=2020,
79111,79110,berubah,1:1,success,https://oss.go.id/id/kbli/konversi/79111?v=2020,
79112,,,,not_found,https://oss.go.id/id/kbli/konversi/79112?v=2020,
79119,79110,berubah,1:1,success,https://oss.go.id/id/kbli/konversi/79119?v=2020,
79121,79121,tetap,1:1,success,https://oss.go.id/id/kbli/konversi/79121?v=2020,
79122,79122,tetap,1:1,success,https://oss.go.id/id/kbli/konversi/79122?v=2020,
79129,79129,tetap,1:1,success,https://oss.go.id/id/kbli/konversi/79129?v=2020,
79911,79901,berubah,1:1,success,https://oss.go.id/id/kbli/konversi/79911?v=2020,
79912,79902,berubah,1:1,success,https://oss.go.id/id/kbli/konversi/79912?v=2020,
79921,79903,berubah,1:1,success,https://oss.go.id/id/kbli/konversi/79921?v=2020,
79922,,,,not_found,https://oss.go.id/id/kbli/konversi/79922?v=2020,
79990,,,,not_found,https://oss.go.id/id/kbli/konversi/79990?v=2020,
80100,80110,berubah,1:1,success,https://oss.go.id/id/kbli/konversi/80100?v=2020,
80200,,,,not_found,https://oss.go.id/id/kbli/konversi/80200?v=2020,
80300,,,,not_found,https://oss.go.id/id/kbli/konversi/80300?v=2020,
81100,81100,tetap,1:1,success,https://oss.go.id/id/kbli/konversi/81100?v=2020,
81210,81210,tetap,1:1,success,https://oss.go.id/id/kbli/konversi/81210?v=2020,
81290,81290,tetap,1:1,success,https://oss.go.id/id/kbli/konversi/81290?v=2020,
81300,81300,tetap,1:1,success,https://oss.go.id/id/kbli/konversi/81300?v=2020,
82110,82100,berubah,1:1,success,https://oss.go.id/id/kbli/konversi/82110?v=2020,
82190,18111,berubah,1:1,success,https://oss.go.id/id/kbli/konversi/82190?v=2020,
82200,82200,tetap,1:1,success,https://oss.go.id/id/kbli/konversi/82200?v=2020,
82301,82300,berubah,1:1,success,https://oss.go.id/id/kbli/konversi/82301?v=2020,
82302,90391,dipecah,1:N,success,https://oss.go.id/id/kbli/konversi/82302?v=2020,
82302,93191,dipecah,1:N,success,https://oss.go.id/id/kbli/konversi/82302?v=2020,
82911,,,,not_found,https://oss.go.id/id/kbli/konversi/82911?v=2020,
82912,82912,tetap,1:1,success,https://oss.go.id/id/kbli/konversi/82912?v=2020,
82920,82922,dipecah,1:N,success,https://oss.go.id/id/kbli/konversi/82920?v=2020,
82920,82923,dipecah,1:N,success,https://oss.go.id/id/kbli/konversi/82920?v=2020,
82920,82924,dipecah,1:N,success,https://oss.go.id/id/kbli/konversi/82920?v=2020,
82920,82925,dipecah,1:N,success,https://oss.go.id/id/kbli/konversi/82920?v=2020,
82920,82929,dipecah,1:N,success,https://oss.go.id/id/kbli/konversi/82920?v=2020,
82990,82990,tetap,1:1,success,https://oss.go.id/id/kbli/konversi/82990?v=2020,
84111,,,,not_found,https://oss.go.id/id/kbli/konversi/84111?v=2020,
84112,,,,not_found,https://oss.go.id/id/kbli/konversi/84112?v=2020,
84113,,,,not_found,https://oss.go.id/id/kbli/konversi/84113?v=2020,
84114,,,,not_found,https://oss.go.id/id/kbli/konversi/84114?v=2020,
84115,,,,not_found,https://oss.go.id/id/kbli/konversi/84115?v=2020,
84119,,,,not_found,https://oss.go.id/id/kbli/konversi/84119?v=2020,
84121,,,,not_found,https://oss.go.id/id/kbli/konversi/84121?v=2020,
84122,,,,not_found,https://oss.go.id/id/kbli/konversi/84122?v=2020,
84123,,,,not_found,https://oss.go.id/id/kbli/konversi/84123?v=2020,
84124,,,,not_found,https://oss.go.id/id/kbli/konversi/84124?v=2020,
84125,,,,not_found,https://oss.go.id/id/kbli/konversi/84125?v=2020,
84126,,,,not_found,https://oss.go.id/id/kbli/konversi/84126?v=2020,
84127,,,,not_found,https://oss.go.id/id/kbli/konversi/84127?v=2020,
84129,,,,not_found,https://oss.go.id/id/kbli/konversi/84129?v=2020,
84131,,,,not_found,https://oss.go.id/id/kbli/konversi/84131?v=2020,
84132,,,,not_found,https://oss.go.id/id/kbli/konversi/84132?v=2020,
84133,,,,not_found,https://oss.go.id/id/kbli/konversi/84133?v=2020,
84134,,,,not_found,https://oss.go.id/id/kbli/konversi/84134?v=2020,
84135,,,,not_found,https://oss.go.id/id/kbli/konversi/84135?v=2020,
84136,,,,not_found,https://oss.go.id/id/kbli/konversi/84136?v=2020,
84137,,,,not_found,https://oss.go.id/id/kbli/konversi/84137?v=2020,
84138,,,,not_found,https://oss.go.id/id/kbli/konversi/84138?v=2020,
84139,,,,not_found,https://oss.go.id/id/kbli/konversi/84139?v=2020,
84210,,,,not_found,https://oss.go.id/id/kbli/konversi/84210?v=2020,
84221,,,,not_found,https://oss.go.id/id/kbli/konversi/84221?v=2020,
84222,,,,not_found,https://oss.go.id/id/kbli/konversi/84222?v=2020,
84223,,,,not_found,https://oss.go.id/id/kbli/konversi/84223?v=2020,
84224,,,,not_found,https://oss.go.id/id/kbli/konversi/84224?v=2020,
84231,,,,not_found,https://oss.go.id/id/kbli/konversi/84231?v=2020,
84232,,,,not_found,https://oss.go.id/id/kbli/konversi/84232?v=2020,
84233,,,,not_found,https://oss.go.id/id/kbli/konversi/84233?v=2020,
84234,,,,not_found,https://oss.go.id/id/kbli/konversi/84234?v=2020,
84300,,,,not_found,https://oss.go.id/id/kbli/konversi/84300?v=2020,
85111,,,,not_found,https://oss.go.id/id/kbli/konversi/85111?v=2020,
85112,,,,not_found,https://oss.go.id/id/kbli/konversi/85112?v=2020,
85121,85202,berubah,1:1,success,https://oss.go.id/id/kbli/konversi/85121?v=2020,
85122,85312,berubah,1:1,success,https://oss.go.id/id/kbli/konversi/85122?v=2020,
85131,,,,not_found,https://oss.go.id/id/kbli/konversi/85131?v=2020,
85132,85102,berubah,1:1,success,https://oss.go.id/id/kbli/konversi/85132?v=2020,
85133,88906,berubah,1:1,success,https://oss.go.id/id/kbli/konversi/85133?v=2020,
85134,88907,berubah,1:1,success,https://oss.go.id/id/kbli/konversi/85134?v=2020,
85135,85102,berubah,1:1,success,https://oss.go.id/id/kbli/konversi/85135?v=2020,
85139,85102,berubah,1:1,success,https://oss.go.id/id/kbli/konversi/85139?v=2020,
85141,88906,berubah,1:1,success,https://oss.go.id/id/kbli/konversi/85141?v=2020,
85142,85102,berubah,1:1,success,https://oss.go.id/id/kbli/konversi/85142?v=2020,
85143,85202,berubah,1:1,success,https://oss.go.id/id/kbli/konversi/85143?v=2020,
85144,85312,berubah,1:1,success,https://oss.go.id/id/kbli/konversi/85144?v=2020,
85151,,,,not_found,https://oss.go.id/id/kbli/konversi/85151?v=2020,
85152,,,,not_found,https://oss.go.id/id/kbli/konversi/85152?v=2020,
85153,,,,not_found,https://oss.go.id/id/kbli/konversi/85153?v=2020,
85154,,,,not_found,https://oss.go.id/id/kbli/konversi/85154?v=2020,
85155,,,,not_found,https://oss.go.id/id/kbli/konversi/85155?v=2020,
85161,,,,not_found,https://oss.go.id/id/kbli/konversi/85161?v=2020,
85162,,,,not_found,https://oss.go.id/id/kbli/konversi/85162?v=2020,
85163,,,,not_found,https://oss.go.id/id/kbli/konversi/85163?v=2020,
85210,,,,not_found,https://oss.go.id/id/kbli/konversi/85210?v=2020,
85220,85316,berubah,1:1,success,https://oss.go.id/id/kbli/konversi/85220?v=2020,
85230,,,,not_found,https://oss.go.id/id/kbli/konversi/85230?v=2020,
85240,85322,berubah,1:1,success,https://oss.go.id/id/kbli/konversi/85240?v=2020,
85251,85316,berubah,1:1,success,https://oss.go.id/id/kbli/konversi/85251?v=2020,
85252,85322,berubah,1:1,success,https://oss.go.id/id/kbli/konversi/85252?v=2020,
85261,,,,not_found,https://oss.go.id/id/kbli/konversi/85261?v=2020,
85262,,,,not_found,https://oss.go.id/id/kbli/konversi/85262?v=2020,
85263,,,,not_found,https://oss.go.id/id/kbli/konversi/85263?v=2020,
85270,,,,not_found,https://oss.go.id/id/kbli/konversi/85270?v=2020,
85311,,,,not_found,https://oss.go.id/id/kbli/konversi/85311?v=2020,
85312,,,,not_found,https://oss.go.id/id/kbli/konversi/85312?v=2020,
85321,85402,berubah,1:1,success,https://oss.go.id/id/kbli/konversi/85321?v=2020,
85322,85402,berubah,1:1,success,https://oss.go.id/id/kbli/konversi/85322?v=2020,
85331,,,,not_found,https://oss.go.id/id/kbli/konversi/85331?v=2020,
85332,,,,not_found,https://oss.go.id/id/kbli/konversi/85332?v=2020,
85340,,,,not_found,https://oss.go.id/id/kbli/konversi/85340?v=2020,
85410,85510,berubah,1:1,success,https://oss.go.id/id/kbli/konversi/85410?v=2020,
85420,85520,berubah,1:1,success,https://oss.go.id/id/kbli/konversi/85420?v=2020,
85430,,,,not_found,https://oss.go.id/id/kbli/konversi/85430?v=2020,
85440,85510,dipecah,1:N,success,https://oss.go.id/id/kbli/konversi/85440?v=2020,
85440,85520,dipecah,1:N,success,https://oss.go.id/id/kbli/konversi/85440?v=2020,
85440,85530,dipecah,1:N,success,https://oss.go.id/id/kbli/konversi/85440?v=2020,
85440,85541,dipecah,1:N,success,https://oss.go.id/id/kbli/konversi/85440?v=2020,
85440,85542,dipecah,1:N,success,https://oss.go.id/id/kbli/konversi/85440?v=2020,
85440,85549,dipecah,1:N,success,https://oss.go.id/id/kbli/konversi/85440?v=2020,
85440,85591,dipecah,1:N,success,https://oss.go.id/id/kbli/konversi/85440?v=2020,
85440,85592,dipecah,1:N,success,https://oss.go.id/id/kbli/konversi/85440?v=2020,
85440,85593,dipecah,1:N,success,https://oss.go.id/id/kbli/konversi/85440?v=2020,
85440,85594,dipecah,1:N,success,https://oss.go.id/id/kbli/konversi/85440?v=2020,
85440,85595,dipecah,1:N,success,https://oss.go.id/id/kbli/konversi/85440?v=2020,
85440,85596,dipecah,1:N,success,https://oss.go.id/id/kbli/konversi/85440?v=2020,
85440,85597,dipecah,1:N,success,https://oss.go.id/id/kbli/konversi/85440?v=2020,
85440,85599,dipecah,1:N,success,https://oss.go.id/id/kbli/konversi/85440?v=2020,
85440,85699,dipecah,1:N,success,https://oss.go.id/id/kbli/konversi/85440?v=2020,
85451,,,,not_found,https://oss.go.id/id/kbli/konversi/85451?v=2020,
85452,,,,not_found,https://oss.go.id/id/kbli/konversi/85452?v=2020,
85459,,,,not_found,https://oss.go.id/id/kbli/konversi/85459?v=2020,
85491,85591,berubah,1:1,success,https://oss.go.id/id/kbli/konversi/85491?v=2020,
85492,85592,berubah,1:1,success,https://oss.go.id/id/kbli/konversi/85492?v=2020,
85493,85593,berubah,1:1,success,https://oss.go.id/id/kbli/konversi/85493?v=2020,
85494,85594,berubah,1:1,success,https://oss.go.id/id/kbli/konversi/85494?v=2020,
85495,85595,berubah,1:1,success,https://oss.go.id/id/kbli/konversi/85495?v=2020,
85496,85578,berubah,1:1,success,https://oss.go.id/id/kbli/konversi/85496?v=2020,
85497,85596,berubah,1:1,success,https://oss.go.id/id/kbli/konversi/85497?v=2020,
85498,85597,berubah,1:1,success,https://oss.go.id/id/kbli/konversi/85498?v=2020,
85499,85578,dipecah,1:N,success,https://oss.go.id/id/kbli/konversi/85499?v=2020,
85499,85599,dipecah,1:N,success,https://oss.go.id/id/kbli/konversi/85499?v=2020,
85500,85699,berubah,1:1,success,https://oss.go.id/id/kbli/konversi/85500?v=2020,
86101,86101,tetap,1:1,success,https://oss.go.id/id/kbli/konversi/86101?v=2020,
86102,,,,not_found,https://oss.go.id/id/kbli/konversi/86102?v=2020,
86103,86103,tetap,1:1,success,https://oss.go.id/id/kbli/konversi/86103?v=2020,
86104,86104,tetap,1:1,success,https://oss.go.id/id/kbli/konversi/86104?v=2020,
86105,86105,tetap,1:1,success,https://oss.go.id/id/kbli/konversi/86105?v=2020,
86109,,,,not_found,https://oss.go.id/id/kbli/konversi/86109?v=2020,
86201,,,,not_found,https://oss.go.id/id/kbli/konversi/86201?v=2020,
86202,,,,not_found,https://oss.go.id/id/kbli/konversi/86202?v=2020,
86203,,,,not_found,https://oss.go.id/id/kbli/konversi/86203?v=2020,
86901,86991,berubah,1:1,success,https://oss.go.id/id/kbli/konversi/86901?v=2020,
86902,86992,berubah,1:1,success,https://oss.go.id/id/kbli/konversi/86902?v=2020,
86903,86910,dipecah,1:N,success,https://oss.go.id/id/kbli/konversi/86903?v=2020,
86903,86993,dipecah,1:N,success,https://oss.go.id/id/kbli/konversi/86903?v=2020,
86904,86994,berubah,1:1,success,https://oss.go.id/id/kbli/konversi/86904?v=2020,
87100,,,,not_found,https://oss.go.id/id/kbli/konversi/87100?v=2020,
87201,,,,not_found,https://oss.go.id/id/kbli/konversi/87201?v=2020,
87202,,,,not_found,https://oss.go.id/id/kbli/konversi/87202?v=2020,
87203,,,,not_found,https://oss.go.id/id/kbli/konversi/87203?v=2020,
87301,,,,not_found,https://oss.go.id/id/kbli/konversi/87301?v=2020,
87302,,,,not_found,https://oss.go.id/id/kbli/konversi/87302?v=2020,
87303,,,,not_found,https://oss.go.id/id/kbli/konversi/87303?v=2020,
87304,,,,not_found,https://oss.go.id/id/kbli/konversi/87304?v=2020,
87305,,,,not_found,https://oss.go.id/id/kbli/konversi/87305?v=2020,
87901,,,,not_found,https://oss.go.id/id/kbli/konversi/87901?v=2020,
87902,,,,not_found,https://oss.go.id/id/kbli/konversi/87902?v=2020,
87903,,,,not_found,https://oss.go.id/id/kbli/konversi/87903?v=2020,
87904,,,,not_found,https://oss.go.id/id/kbli/konversi/87904?v=2020,
87905,,,,not_found,https://oss.go.id/id/kbli/konversi/87905?v=2020,
87906,,,,not_found,https://oss.go.id/id/kbli/konversi/87906?v=2020,
87907,,,,not_found,https://oss.go.id/id/kbli/konversi/87907?v=2020,
87909,,,,not_found,https://oss.go.id/id/kbli/konversi/87909?v=2020,
88101,,,,not_found,https://oss.go.id/id/kbli/konversi/88101?v=2020,
88102,,,,not_found,https://oss.go.id/id/kbli/konversi/88102?v=2020,
88911,,,,not_found,https://oss.go.id/id/kbli/konversi/88911?v=2020,
88919,,,,not_found,https://oss.go.id/id/kbli/konversi/88919?v=2020,
88991,,,,not_found,https://oss.go.id/id/kbli/konversi/88991?v=2020,
88992,,,,not_found,https://oss.go.id/id/kbli/konversi/88992?v=2020,
90011,90200,berubah,1:1,success,https://oss.go.id/id/kbli/konversi/90011?v=2020,
90012,59112,dipecah,1:N,success,https://oss.go.id/id/kbli/konversi/90012?v=2020,
90012,90399,dipecah,1:N,success,https://oss.go.id/id/kbli/konversi/90012?v=2020,
90021,74113,dipecah,1:N,success,https://oss.go.id/id/kbli/konversi/90021?v=2020,
90021,90130,dipecah,1:N,success,https://oss.go.id/id/kbli/konversi/90021?v=2020,
90021,90200,dipecah,1:N,success,https://oss.go.id/id/kbli/konversi/90021?v=2020,
90022,90112,dipecah,1:N,success,https://oss.go.id/id/kbli/konversi/90022?v=2020,
90022,90200,dipecah,1:N,success,https://oss.go.id/id/kbli/konversi/90022?v=2020,
90023,90120,berubah,1:1,success,https://oss.go.id/id/kbli/konversi/90023?v=2020,
90024,,,,not_found,https://oss.go.id/id/kbli/konversi/90024?v=2020,
90025,,,,not_found,https://oss.go.id/id/kbli/konversi/90025?v=2020,
90029,90130,berubah,1:1,success,https://oss.go.id/id/kbli/konversi/90029?v=2020,
90030,90391,berubah,1:1,success,https://oss.go.id/id/kbli/konversi/90030?v=2020,
90040,90310,berubah,1:1,success,https://oss.go.id/id/kbli/konversi/90040?v=2020,
90090,90130,berubah,1:1,success,https://oss.go.id/id/kbli/konversi/90090?v=2020,
91011,,,,not_found,https://oss.go.id/id/kbli/konversi/91011?v=2020,
91012,91112,dipecah,1:N,success,https://oss.go.id/id/kbli/konversi/91012?v=2020,
91012,91122,dipecah,1:N,success,https://oss.go.id/id/kbli/konversi/91012?v=2020,
91021,,,,not_found,https://oss.go.id/id/kbli/konversi/91021?v=2020,
91022,91212,berubah,1:1,success,https://oss.go.id/id/kbli/konversi/91022?v=2020,
91023,,,,not_found,https://oss.go.id/id/kbli/konversi/91023?v=2020,
91024,91222,berubah,1:1,success,https://oss.go.id/id/kbli/konversi/91024?v=2020,
91025,90310,berubah,1:1,success,https://oss.go.id/id/kbli/konversi/91025?v=2020,
91029,91222,berubah,1:1,success,https://oss.go.id/id/kbli/konversi/91029?v=2020,
91031,,,,not_found,https://oss.go.id/id/kbli/konversi/91031?v=2020,
91032,,,,not_found,https://oss.go.id/id/kbli/konversi/91032?v=2020,
91033,,,,not_found,https://oss.go.id/id/kbli/konversi/91033?v=2020,
91034,,,,not_found,https://oss.go.id/id/kbli/konversi/91034?v=2020,
91035,,,,not_found,https://oss.go.id/id/kbli/konversi/91035?v=2020,
91036,,,,not_found,https://oss.go.id/id/kbli/konversi/91036?v=2020,
91037,93193,berubah,1:1,success,https://oss.go.id/id/kbli/konversi/91037?v=2020,
91038,,,,not_found,https://oss.go.id/id/kbli/konversi/91038?v=2020,
91039,91429,berubah,1:1,success,https://oss.go.id/id/kbli/konversi/91039?v=2020,
93111,93111,tetap,1:1,success,https://oss.go.id/id/kbli/konversi/93111?v=2020,
93112,93112,tetap,1:1,success,https://oss.go.id/id/kbli/konversi/93112?v=2020,
93113,93113,tetap,1:1,success,https://oss.go.id/id/kbli/konversi/93113?v=2020,
93114,93114,tetap,1:1,success,https://oss.go.id/id/kbli/konversi/93114?v=2020,
93115,93115,tetap,1:1,success,https://oss.go.id/id/kbli/konversi/93115?v=2020,
93116,93116,tetap,1:1,success,https://oss.go.id/id/kbli/konversi/93116?v=2020,
93119,93119,tetap,1:1,success,https://oss.go.id/id/kbli/konversi/93119?v=2020,
93121,,,,not_found,https://oss.go.id/id/kbli/konversi/93121?v=2020,
93122,,,,not_found,https://oss.go.id/id/kbli/konversi/93122?v=2020,
93123,,,,not_found,https://oss.go.id/id/kbli/konversi/93123?v=2020,
93124,,,,not_found,https://oss.go.id/id/kbli/konversi/93124?v=2020,
93125,,,,not_found,https://oss.go.id/id/kbli/konversi/93125?v=2020,
93126,,,,not_found,https://oss.go.id/id/kbli/konversi/93126?v=2020,
93127,,,,not_found,https://oss.go.id/id/kbli/konversi/93127?v=2020,
93128,,,,not_found,https://oss.go.id/id/kbli/konversi/93128?v=2020,
93129,,,,not_found,https://oss.go.id/id/kbli/konversi/93129?v=2020,
93191,93191,tetap,1:1,success,https://oss.go.id/id/kbli/konversi/93191?v=2020,
93192,,,,not_found,https://oss.go.id/id/kbli/konversi/93192?v=2020,
93193,93193,tetap,1:1,success,https://oss.go.id/id/kbli/konversi/93193?v=2020,
93194,,,,not_found,https://oss.go.id/id/kbli/konversi/93194?v=2020,
93195,93195,tetap,1:1,success,https://oss.go.id/id/kbli/konversi/93195?v=2020,
93199,,,,not_found,https://oss.go.id/id/kbli/konversi/93199?v=2020,
93211,93210,berubah,1:1,success,https://oss.go.id/id/kbli/konversi/93211?v=2020,
93219,93210,berubah,1:1,success,https://oss.go.id/id/kbli/konversi/93219?v=2020,
93221,93294,berubah,1:1,success,https://oss.go.id/id/kbli/konversi/93221?v=2020,
93222,93294,berubah,1:1,success,https://oss.go.id/id/kbli/konversi/93222?v=2020,
93223,93294,berubah,1:1,success,https://oss.go.id/id/kbli/konversi/93223?v=2020,
93224,93295,berubah,1:1,success,https://oss.go.id/id/kbli/konversi/93224?v=2020,
93229,,,,not_found,https://oss.go.id/id/kbli/konversi/93229?v=2020,
93231,93296,berubah,1:1,success,https://oss.go.id/id/kbli/konversi/93231?v=2020,
93239,,,,not_found,https://oss.go.id/id/kbli/konversi/93239?v=2020,
93241,93297,berubah,1:1,success,https://oss.go.id/id/kbli/konversi/93241?v=2020,
93242,93297,berubah,1:1,success,https://oss.go.id/id/kbli/konversi/93242?v=2020,
93243,93297,berubah,1:1,success,https://oss.go.id/id/kbli/konversi/93243?v=2020,
93244,93196,berubah,1:1,success,https://oss.go.id/id/kbli/konversi/93244?v=2020,
93245,93196,berubah,1:1,success,https://oss.go.id/id/kbli/konversi/93245?v=2020,
93246,93297,berubah,1:1,success,https://oss.go.id/id/kbli/konversi/93246?v=2020,
93249,93297,berubah,1:1,success,https://oss.go.id/id/kbli/konversi/93249?v=2020,
93291,93291,tetap,1:1,success,https://oss.go.id/id/kbli/konversi/93291?v=2020,
93292,93292,tetap,1:1,success,https://oss.go.id/id/kbli/konversi/93292?v=2020,
93293,93293,tetap,1:1,success,https://oss.go.id/id/kbli/konversi/93293?v=2020,
93294,93291,berubah,1:1,success,https://oss.go.id/id/kbli/konversi/93294?v=2020,
93299,93299,tetap,1:1,success,https://oss.go.id/id/kbli/konversi/93299?v=2020,
94110,,,,not_found,https://oss.go.id/id/kbli/konversi/94110?v=2020,
94121,,,,not_found,https://oss.go.id/id/kbli/konversi/94121?v=2020,
94122,,,,not_found,https://oss.go.id/id/kbli/konversi/94122?v=2020,
94200,,,,not_found,https://oss.go.id/id/kbli/konversi/94200?v=2020,
94910,,,,not_found,https://oss.go.id/id/kbli/konversi/94910?v=2020,
94920,,,,not_found,https://oss.go.id/id/kbli/konversi/94920?v=2020,
94990,,,,not_found,https://oss.go.id/id/kbli/konversi/94990?v=2020,
95110,95101,berubah,1:1,success,https://oss.go.id/id/kbli/konversi/95110?v=2020,
95120,95102,berubah,1:1,success,https://oss.go.id/id/kbli/konversi/95120?v=2020,
95210,95210,tetap,1:1,success,https://oss.go.id/id/kbli/konversi/95210?v=2020,
95220,95220,tetap,1:1,success,https://oss.go.id/id/kbli/konversi/95220?v=2020,
95230,95230,tetap,1:1,success,https://oss.go.id/id/kbli/konversi/95230?v=2020,
95240,95240,tetap,1:1,success,https://oss.go.id/id/kbli/konversi/95240?v=2020,
95291,95291,tetap,1:1,success,https://oss.go.id/id/kbli/konversi/95291?v=2020,
95299,95299,tetap,1:1,success,https://oss.go.id/id/kbli/konversi/95299?v=2020,
96111,96210,dipecah,1:N,success,https://oss.go.id/id/kbli/konversi/96111?v=2020,
96111,96400,dipecah,1:N,success,https://oss.go.id/id/kbli/konversi/96111?v=2020,
96112,96220,dipecah,1:N,success,https://oss.go.id/id/kbli/konversi/96112?v=2020,
96112,96400,dipecah,1:N,success,https://oss.go.id/id/kbli/konversi/96112?v=2020,
96121,86995,berubah,1:1,success,https://oss.go.id/id/kbli/konversi/96121?v=2020,
96122,96230,berubah,1:1,success,https://oss.go.id/id/kbli/konversi/96122?v=2020,
96129,,,,not_found,https://oss.go.id/id/kbli/konversi/96129?v=2020,
96200,96100,dipecah,1:N,success,https://oss.go.id/id/kbli/konversi/96200?v=2020,
96200,96400,dipecah,1:N,success,https://oss.go.id/id/kbli/konversi/96200?v=2020,
96910,96300,dipecah,1:N,success,https://oss.go.id/id/kbli/konversi/96910?v=2020,
96910,96400,dipecah,1:N,success,https://oss.go.id/id/kbli/konversi/96910?v=2020,
96990,96400,dipecah,1:N,success,https://oss.go.id/id/kbli/konversi/96990?v=2020,
96990,96900,dipecah,1:N,success,https://oss.go.id/id/kbli/konversi/96990?v=2020,
97000,,,,not_found,https://oss.go.id/id/kbli/konversi/97000?v=2020,
98100,,,,not_found,https://oss.go.id/id/kbli/konversi/98100?v=2020,
98200,,,,not_found,https://oss.go.id/id/kbli/konversi/98200?v=2020,
99000,,,,not_found,https://oss.go.id/id/kbli/konversi/99000?v=2020,
